empower_medicare_bene,empower_power_depend,abbrev,county,fips
91748,3610,DE,New Castle,10003
69055,2600,DE,Sussex,10005
33712,1604,DE,Kent,10001
14022,828,AL,De Kalb,01049
5924,367,AL,Cherokee,01019
22607,1160,AL,Lee,01081
8409,482,AL,Chambers,01017
2247,96,AL,Bullock,01011
3972,218,AL,Macon,01087
3176,251,AL,Cleburne,01029
5482,252,AL,Barbour,01005
6570,402,AL,Geneva,01061
10213,625,AL,Dale,01045
9853,608,AL,Tallapoosa,01123
21995,1228,AL,Houston,01069
26611,1800,AL,Calhoun,01015
10311,546,AL,Russell,01113
5419,464,AL,Randolph,01111
4661,235,AL,Henry,01067
3289,200,AL,Clay,01027
2163,132,AL,Perry,01105
4561,368,AL,Butler,01013
3120,153,AL,Wilcox,01131
20220,1289,AL,Marshall,01095
8287,450,AL,Escambia,01053
16497,967,AL,Limestone,01083
9043,599,AL,Blount,01009
2499,134,AL,Lowndes,01085
2915,193,AL,Coosa,01037
6323,455,AL,Pike,01109
17684,1141,AL,Talladega,01121
13388,808,AL,Jackson,01071
9820,608,AL,Autauga,01001
15922,980,AL,Saint Clair,01115
18334,1157,AL,Cullman,01043
32954,1439,AL,Shelby,01117
9375,689,AL,Dallas,01047
60526,2463,AL,Madison,01089
3386,274,AL,Crenshaw,01041
25853,1579,AL,Morgan,01103
3205,240,AL,Conecuh,01035
16994,934,AL,Elmore,01051
126886,5589,AL,Jefferson,01073
16732,940,AL,Walker,01127
39940,1986,AL,Montgomery,01101
4676,233,AL,Bibb,01007
25157,1453,AL,Etowah,01055
8205,488,AL,Chilton,01021
10165,590,AL,Coffee,01031
9256,679,AL,Covington,01039
4944,229,AL,Marengo,01091
3930,167,AL,Hale,01065
12920,788,AL,Colbert,01033
2147,66,AL,Greene,01063
78429,4875,AL,Mobile,01097
3830,199,AL,Fayette,01057
31163,1165,AL,Tuscaloosa,01125
4763,271,AL,Monroe,01099
6678,447,AL,Marion,01093
2764,135,AL,Sumter,01119
6114,428,AL,Winston,01133
50539,2374,AL,Baldwin,01003
3623,199,AL,Choctaw,01023
4733,197,AL,Pickens,01107
21001,1120,AL,Lauderdale,01077
6245,274,AL,Clarke,01025
3801,233,AL,Washington,01129
5965,405,AL,Lawrence,01079
3868,213,AL,Lamar,01075
6847,469,AL,Franklin,01059
3016,368,KY,Knott,21119
3841,346,KY,Lawrence,21127
2564,263,KY,Martin,21159
8347,677,KY,Greenup,21089
9659,976,KY,Floyd,21071
15380,1813,KY,Pike,21195
5947,758,KY,Letcher,21133
11843,941,KY,Boyd,21019
5663,472,KY,Johnson,21115
7155,881,KY,Perry,21193
2660,265,KY,Morgan,21175
1998,309,KY,Wolfe,21237
1582,171,KY,Lee,21129
1111,170,KY,Owsley,21189
4432,658,KY,Clay,21051
6976,857,KY,Harlan,21095
1051,106,KY,Elliott,21063
2901,341,KY,Powell,21197
3388,347,KY,Estill,21065
3636,288,KY,Mason,21161
6411,613,KY,Carter,21043
6353,916,KY,Bell,21013
3078,412,KY,Breathitt,21025
2608,404,KY,Leslie,21131
5670,786,KY,Knox,21121
2873,323,KY,Lewis,21135
3038,214,KY,Magoffin,21153
5590,495,KY,Montgomery,21173
4447,552,KY,Rowan,21205
1627,189,KY,Menifee,21165
3278,305,KY,Fleming,21069
2800,336,KY,Bath,21011
4572,444,KY,Wayne,21231
7754,570,KY,Scott,21209
1364,105,KY,Gallatin,21077
4007,307,KY,Harrison,21097
3920,386,KY,Bourbon,21017
442,40,KY,Robertson,21201
25563,1228,KY,Kenton,21117
15493,1293,KY,Madison,21151
44472,2587,KY,Fayette,21067
8610,645,KY,Jessamine,21113
5146,321,KY,Grant,21081
6644,565,KY,Boyle,21021
19679,882,KY,Boone,21015
11057,1369,KY,Whitley,21235
2015,173,KY,Bracken,21023
2935,306,KY,Jackson,21109
5035,469,KY,Mercer,21167
6002,640,KY,Lincoln,21137
16240,1607,KY,Pulaski,21199
15542,667,KY,Campbell,21037
11340,1140,KY,Laurel,21125
3408,350,KY,Rockcastle,21203
3540,446,KY,Mccreary,21147
2787,199,KY,Pendleton,21191
7373,627,KY,Clark,21049
5392,363,KY,Woodford,21239
3571,309,KY,Garrard,21079
1632,112,KY,Owen,21187
1565,161,KY,Nicholas,21181
2376,260,KY,Clinton,21053
3883,347,KY,Adair,21001
2401,195,KY,Green,21087
2631,205,KY,Monroe,21171
5978,457,KY,Taylor,21217
12040,835,KY,Bullitt,21029
2403,212,KY,Washington,21229
3743,310,KY,Henry,21103
1695,132,KY,Cumberland,21057
3092,192,KY,Larue,21123
7354,504,KY,Shelby,21211
2160,191,KY,Carroll,21041
139401,8016,KY,Jefferson,21111
4207,382,KY,Anderson,21005
8206,472,KY,Oldham,21185
1678,177,KY,Trimble,21223
2978,207,KY,Spencer,21215
13339,1119,KY,Franklin,21073
3922,281,KY,Marion,21155
3315,328,KY,Casey,21045
2531,229,KY,Metcalfe,21169
2845,171,TX,Rains,48379
4150,401,KY,Russell,21207
9551,708,KY,Nelson,21179
4036,297,KY,Allen,21003
1975,186,KY,Edmonson,21061
7147,533,KY,Muhlenberg,21177
1891,93,KY,Hancock,21091
20811,1030,KY,Daviess,21059
10333,627,KY,Hopkins,21107
3139,185,KY,Union,21225
2154,140,KY,Lyon,21143
7453,596,KY,Calloway,21035
3745,203,KY,Trigg,21221
7991,596,KY,Marshall,21157
2506,233,KY,Livingston,21139
10460,697,KY,Christian,21047
3090,226,KY,Caldwell,21033
3099,210,KY,Webster,21233
1191,89,KY,Carlisle,21039
894,80,KY,Hickman,21105
15573,1031,KY,Mccracken,21145
1418,127,KY,Ballard,21007
1957,149,KY,Fulton,21075
318,48,MT,Carter,30011
2480,179,MT,Custer,30017
1833,111,MT,Richland,30083
238,14,MT,Wibaux,30109
1565,89,MT,Roosevelt,30085
500,40,MT,Fallon,30025
1830,109,MT,Dawson,30021
6124,332,KY,Logan,21141
2463,179,KY,Butler,21031
5249,307,KY,Ohio,21183
20505,1308,KY,Warren,21227
3595,267,KY,Hart,21099
6519,506,KY,Grayson,21085
2147,148,KY,Todd,21219
4138,282,KY,Breckinridge,21027
3649,271,KY,Simpson,21213
20518,1333,KY,Hardin,21093
9128,779,KY,Barren,21009
2370,144,KY,Mclean,21149
4014,286,KY,Meade,21163
1907,189,KY,Crittenden,21055
8672,637,KY,Graves,21083
9368,582,KY,Henderson,21101
906,107,MT,Sheridan,30091
419,39,MT,Daniels,30019
343,22,MT,Prairie,30079
1271,93,MT,Musselshell,30065
1147,119,MT,Chouteau,30015
490,46,MT,Meagher,30059
1563,116,MT,Rosebud,30087
921,79,MT,Sweet Grass,30097
272,55,MT,Garfield,30033
14941,777,MT,Gallatin,30031
409,64,MT,Liberty,30051
16708,1496,MT,Cascade,30013
2890,226,MT,Fergus,30027
1342,100,MT,Broadwater,30007
1682,168,MT,Big Horn,30003
269,26,MT,Golden Valley,30037
2589,184,MT,Carbon,30009
801,79,MT,Toole,30101
1021,105,MT,Blaine,30005
516,57,MT,Judith Basin,30045
3880,204,MT,Park,30067
325,23,MT,Mccone,30055
2257,149,MT,Stillwater,30095
1420,132,MT,Teton,30099
339,38,MT,Powder River,30075
2774,255,MT,Hill,30041
204,11,MT,Treasure,30103
29116,1761,MT,Yellowstone,30111
2864,197,MT,Jefferson,30043
541,34,MT,Wheatland,30107
1677,121,MT,Valley,30105
102,11,MT,Petroleum,30069
959,103,MT,Phillips,30071
2252,207,MT,Madison,30057
14048,1018,MT,Lewis And Clark,30049
1272,107,MT,Pondera,30073
7486,972,MT,Silver Bow,30093
23216,1075,MT,Flathead,30029
3922,196,MT,Sanders,30089
6848,579,MT,Lincoln,30053
748,57,MT,Granite,30039
1456,159,MT,Powell,30077
1606,119,MT,Glacier,30035
6428,353,MT,Lake,30047
1553,100,MT,Mineral,30061
2662,360,MT,Deer Lodge,30023
12707,632,MT,Ravalli,30081
20618,935,MT,Missoula,30063
2210,228,MT,Beaverhead,30001
791,11,VI,Saint John,78020
5756,424,NM,Lincoln,35027
900,88,NM,Guadalupe,35019
8418,562,NM,Lea,35025
11192,1073,NM,Chaves,35005
2356,242,NM,Quay,35037
8573,80,VI,Saint Thomas,78030
8849,106,VI,Saint Croix,78010
496,58,NM,De Baca,35011
11460,1111,NM,Otero,35035
906,108,NM,Union,35059
6334,772,NM,San Miguel,35047
9054,887,NM,Taos,35055
3461,448,NM,Colfax,35007
195,33,NM,Harding,35021
1265,144,NM,Mora,35033
9057,605,NM,Eddy,35015
7051,692,NM,Curry,35009
2868,275,NM,Roosevelt,35041
1307,120,NM,Catron,35003
8084,955,NM,Grant,35017
27748,2310,NM,Sandoval,35043
4243,370,NM,Cibola,35006
39333,2975,NM,Dona Ana,35013
986,83,NM,Hidalgo,35023
3301,314,NM,Socorro,35053
1963,173,NM,Los Alamos,35028
19161,1830,NM,San Juan,35045
2962,358,NM,Torrance,35057
6100,549,NM,Luna,35029
9136,742,NM,Mckinley,35031
8975,1059,NM,Rio Arriba,35039
37105,3186,NM,Santa Fe,35049
115561,10024,NM,Bernalillo,35001
4111,387,NM,Sierra,35051
14388,1391,NM,Valencia,35061
3437,146,IA,Cedar,19031
10102,476,IA,Clinton,19045
19732,822,IA,Dubuque,19061
4586,211,IA,Jackson,19097
4260,225,IA,Clayton,19043
4137,204,IA,Jones,19105
8943,489,IA,Des Moines,19057
30810,1395,IA,Scott,19163
2153,100,IA,Louisa,19115
8193,306,IA,Muscatine,19139
3267,115,IA,Allamakee,19005
4108,144,IA,Jefferson,19101
2318,103,IA,Howard,19089
24703,1084,IA,Black Hawk,19013
4516,227,IA,Fayette,19065
2681,123,IA,Chickasaw,19037
4043,164,IA,Poweshiek,19157
4721,265,IA,Benton,19011
39360,1513,IA,Linn,19113
4108,244,IA,Mahaska,19123
1832,123,IA,Van Buren,19177
17970,495,IA,Johnson,19103
2427,174,IA,Keokuk,19107
4233,146,IA,Winneshiek,19191
3327,162,IA,Delaware,19055
1659,76,IA,Davis,19051
7904,345,IA,Lee,19111
3266,139,IA,Iowa,19095
4286,238,IA,Buchanan,19019
7260,372,IA,Wapello,19179
4384,189,IA,Henry,19087
3660,196,IA,Tama,19171
5319,219,IA,Bremer,19017
4812,196,IA,Washington,19183
1715,115,IA,Decatur,19053
7550,480,IA,Webster,19187
2922,147,IA,Madison,19121
1601,86,IA,Worth,19195
1831,80,IA,Clarke,19039
8540,341,IA,Warren,19181
2296,122,IA,Hancock,19081
1419,105,IA,Wayne,19185
8232,344,IA,Dallas,19049
6718,264,IA,Marion,19125
3190,187,IA,Appanoose,19007
2934,178,IA,Wright,19197
12668,396,IA,Story,19169
2189,127,IA,Mitchell,19131
2534,124,IA,Grundy,19075
73009,2815,IA,Polk,19153
7988,372,IA,Marshall,19127
3721,221,IA,Floyd,19067
4219,215,IA,Hardin,19083
5185,282,IA,Boone,19015
7407,321,IA,Jasper,19099
3645,166,IA,Butler,19023
10341,500,IA,Cerro Gordo,19033
1636,66,IA,Monroe,19135
1964,95,IA,Lucas,19117
3155,168,IA,Hamilton,19079
1995,147,IA,Franklin,19069
2651,119,IA,Winnebago,19189
4636,282,IA,Carroll,19027
1776,124,IA,Pocahontas,19151
3497,173,IA,Kossuth,19109
2193,144,IA,Palo Alto,19147
1161,82,IA,Ringgold,19159
2497,154,IA,Calhoun,19025
1492,72,IA,Adair,19001
2817,184,IA,Shelby,19165
4889,183,IA,Dickinson,19059
3273,206,IA,Buena Vista,19021
2577,140,IA,Montgomery,19137
2843,213,IA,Union,19175
2375,127,IA,Sac,19161
1393,72,IA,Audubon,19009
1572,109,IA,Taylor,19173
3777,227,IA,Page,19145
2196,102,IA,Emmet,19063
3653,250,IA,Clay,19041
3094,176,IA,Crawford,19047
2148,153,IA,Greene,19073
889,62,IA,Adams,19003
2037,159,IA,Humboldt,19091
2677,133,IA,Guthrie,19077
1560,97,IA,Ida,19093
3526,189,IA,Cass,19029
3158,179,IA,Harrison,19085
3006,139,IA,Mills,19129
4605,206,IA,Plymouth,19149
18257,974,IA,Pottawattamie,19155
2793,179,IA,Cherokee,19035
1639,130,IA,Fremont,19071
17648,908,IA,Woodbury,19193
1322,67,IA,Osceola,19143
2153,90,IA,Lyon,19119
2184,145,IA,Monona,19133
3191,167,IA,Obrien,19141
5643,210,IA,Sioux,19167
2332,125,OR,Wallowa,41063
6645,432,OR,Crook,41013
1975,100,OR,Morrow,41049
4774,297,OR,Baker,41001
2081,169,OR,Grant,41023
2090,216,OR,Lake,41037
473,33,OR,Wheeler,41069
5893,491,OR,Malheur,41045
6000,425,OR,Union,41061
1844,185,OR,Harney,41025
489,22,OR,Gilliam,41021
494,55,OR,Sherman,41055
13431,671,OR,Umatilla,41059
76927,2771,OR,Clackamas,41005
9556,430,OR,Clatsop,41007
16167,1365,OR,Klamath,41035
53057,2368,OR,Jackson,41029
114050,4261,OR,Multnomah,41051
13813,447,OR,Benton,41003
60766,2751,OR,Marion,41047
19056,996,OR,Coos,41011
29346,1498,OR,Linn,41043
7714,333,OR,Tillamook,41057
82246,3250,OR,Lane,41039
31160,1689,OR,Douglas,41019
11374,556,OR,Columbia,41009
4016,125,OR,Hood River,41027
15442,658,OR,Lincoln,41041
25450,1222,OR,Josephine,41033
36166,1749,OR,Deschutes,41017
16662,690,OR,Polk,41053
5945,234,OR,Wasco,41065
20004,984,OR,Yamhill,41071
8732,422,OR,Curry,41015
6136,350,OR,Jefferson,41031
82639,2906,OR,Washington,41067
678,58,CO,Sedgwick,08115
357,60,CO,Cheyenne,08017
1663,178,CO,Custer,08027
2336,279,CO,Prowers,08099
103726,12377,CO,Jefferson,08059
35685,5347,CO,Pueblo,08101
45088,3570,CO,Boulder,08013
75866,7560,CO,Denver,08031
1045,155,CO,Costilla,08023
10559,1051,CO,Broomfield,08014
788,123,CO,Crowley,08025
11647,1654,CO,Fremont,08043
2213,353,CO,Huerfano,08055
4752,460,CO,Morgan,08087
947,146,CO,Lincoln,08073
57074,7405,CO,Adams,08001
4384,574,CO,Otero,08089
997,97,CO,Phillips,08095
911,124,CO,Bent,08011
45784,4552,CO,Weld,08123
57082,4343,CO,Larimer,08069
865,127,CO,Gilpin,08047
1793,193,CO,Yuma,08125
1417,172,CO,Kit Carson,08063
3991,405,CO,Logan,08075
942,118,CO,Washington,08121
42430,4154,CO,Douglas,08035
101251,12165,CO,El Paso,08041
316,55,CO,Kiowa,08061
6137,797,CO,Teller,08119
900,108,CO,Baca,08009
3084,382,CO,Elbert,08039
80376,8415,CO,Arapahoe,08005
3908,609,CO,Las Animas,08071
1031,136,CO,Saguache,08109
10291,1198,CO,La Plata,08067
160,31,CO,San Juan,08111
2387,226,CO,Pitkin,08097
3123,414,CO,Park,08093
2740,481,CO,Alamosa,08003
2159,388,CO,Moffat,08081
3304,359,CO,Summit,08117
10516,1608,CO,Montrose,08085
5386,468,CO,Eagle,08037
1004,96,CO,San Miguel,08113
5193,611,CO,Chaffee,08015
8818,1151,CO,Delta,08029
8633,1077,CO,Garfield,08045
1062,185,CO,Rio Blanco,08103
6265,837,CO,Montezuma,08083
260,49,CO,Mineral,08079
1147,127,CO,Ouray,08091
3645,360,CO,Archuleta,08007
3832,257,CO,Routt,08107
228,25,CO,Hinsdale,08053
922,222,CO,Lake,08065
3282,576,CO,Rio Grande,08105
313,44,CO,Jackson,08057
1036,159,CO,Clear Creek,08019
1778,323,CO,Conejos,08021
2212,358,CO,Gunnison,08051
31625,3216,CO,Mesa,08077
503,104,CO,Dolores,08033
2437,284,CO,Grand,08049
40917,3439,TN,Sullivan,47163
11667,1150,TN,Carter,47019
29474,2628,TN,Washington,47179
17655,1756,TN,Greene,47059
4959,530,TN,Unicoi,47171
5153,458,TN,Johnson,47091
13199,1072,TN,Jefferson,47089
14569,1346,TN,Hawkins,47073
3646,302,TN,Union,47173
28610,1936,TN,Blount,47009
9936,884,TN,Cocke,47029
1431,176,TN,Hancock,47067
8581,794,TN,Claiborne,47025
6135,542,TN,Grainger,47057
22726,1563,TN,Sevier,47155
14978,1499,TN,Hamblen,47063
3311,315,TN,Morgan,47129
9777,1006,TN,Campbell,47013
11701,830,TN,Monroe,47123
16851,906,TN,Loudon,47105
11975,910,TN,Mcminn,47107
14252,1151,TN,Roane,47145
83510,4738,TN,Knox,47093
21031,1563,TN,Bradley,47011
4254,372,TN,Meigs,47121
4759,391,TN,Polk,47139
16381,1186,TN,Anderson,47001
4702,628,TN,Scott,47151
68973,3663,TN,Hamilton,47065
4158,345,TN,Marion,47115
7223,630,TN,White,47185
3860,384,TN,Grundy,47061
1454,124,TN,Clay,47027
4388,326,TN,Dekalb,47041
18355,1612,TN,Putnam,47141
9512,691,TN,Warren,47177
2171,214,TN,Jackson,47087
1110,114,TN,Van Buren,47175
5662,417,TN,Sequatchie,47153
20143,1637,TN,Cumberland,47035
8125,648,TN,Rhea,47143
4942,468,TN,Overton,47133
2394,226,TN,Bledsoe,47007
5211,703,TN,Fentress,47049
1183,119,TN,Pickett,47137
38149,1696,TN,Rutherford,47149
3763,248,TN,Smith,47159
1528,117,TN,Trousdale,47169
30822,1613,TN,Sumner,47165
8700,600,TN,Bedford,47003
751,43,TN,Moore,47127
4194,343,TN,Macon,47111
6750,454,TN,Giles,47055
12429,931,TN,Coffee,47031
32092,855,TN,Williamson,47187
12803,713,TN,Robertson,47147
22908,1054,TN,Wilson,47189
8039,527,TN,Lincoln,47103
90380,3848,TN,Davidson,47037
6326,414,TN,Marshall,47117
9007,710,TN,Franklin,47051
3112,162,TN,Cannon,47015
6986,375,TN,Cheatham,47021
20115,947,TN,Maury,47119
5021,319,TN,Hickman,47081
10681,861,TN,Lawrence,47099
3087,235,TN,Chester,47023
3217,209,TN,Stewart,47161
7742,649,TN,Carroll,47017
3272,326,TN,Wayne,47181
2016,141,TN,Houston,47083
4321,299,TN,Humphreys,47085
23598,1247,TN,Montgomery,47125
8614,726,TN,Henry,47079
10198,656,TN,Dickson,47043
1971,155,TN,Perry,47135
6390,483,TN,Hardin,47071
5830,431,TN,Henderson,47077
7399,543,TN,Mcnairy,47109
4543,393,TN,Benton,47005
3329,250,TN,Decatur,47039
2500,210,TN,Lewis,47101
5341,537,TN,Lauderdale,47097
1357,138,TN,Lake,47095
3555,239,TN,Haywood,47075
5733,355,TN,Hardeman,47069
7276,499,TN,Obion,47131
139280,6355,TN,Shelby,47157
6537,573,TN,Weakley,47183
10393,854,TN,Tipton,47167
3183,220,TN,Crockett,47033
19107,1150,TN,Madison,47113
7633,638,TN,Dyer,47045
12342,884,TN,Gibson,47053
6811,339,TN,Fayette,47047
15718,725,TX,Orange,48361
39947,1786,TX,Jefferson,48245
3265,180,TX,Sabine,48403
5027,282,TX,Shelby,48419
2215,121,TX,San Augustine,48405
7980,357,TX,Jasper,48241
2503,113,TX,Newton,48351
1252,105,TX,Delta,48119
16539,920,TX,Angelina,48005
10719,834,TX,Lamar,48277
10380,547,TX,Harrison,48203
5365,298,TX,Houston,48225
7903,483,TX,Rusk,48401
4389,280,TX,San Jacinto,48407
2166,146,TX,Franklin,48159
17732,1385,TX,Bowie,48037
4693,279,TX,Titus,48449
4718,287,TX,Tyler,48457
54068,2214,TX,Galveston,48167
496815,17044,TX,Harris,48201
11095,634,TX,Nacogdoches,48347
7769,625,TX,Cass,48067
14329,776,TX,Wood,48499
17824,814,TX,Polk,48373
8494,536,TX,Cherokee,48073
3057,204,TX,Camp,48063
2200,167,TX,Marion,48315
15092,887,TX,Liberty,48291
4854,197,TX,Chambers,48071
10680,499,TX,Hardin,48199
47708,1797,TX,Brazoria,48039
3319,288,TX,Red River,48387
43762,2186,TX,Smith,48423
3955,268,TX,Trinity,48455
27250,1578,TX,Gregg,48183
3353,262,TX,Morris,48343
7521,444,TX,Upshur,48459
4706,252,TX,Panola,48365
80216,3399,TX,Montgomery,48339
3862,129,TX,Calhoun,48057
7038,489,TX,Fannin,48147
21385,789,TX,Brazos,48041
27167,1689,TX,Grayson,48181
13839,537,TX,Rockwall,48397
5190,262,TX,Leon,48289
82070,2512,TX,Fort Bend,48157
8164,255,TX,Washington,48477
7271,426,TX,Hopkins,48223
7915,292,TX,Wharton,48481
20850,1161,TX,Kaufman,48257
3957,170,TX,Waller,48473
17493,1212,TX,Henderson,48213
9703,466,TX,Walker,48471
2767,125,TX,Jackson,48239
4639,205,TX,Colorado,48089
26649,1202,TX,Ellis,48139
11952,723,TX,Van Zandt,48467
5672,241,TX,Grimes,48185
9443,539,TX,Navarro,48349
15260,913,TX,Hunt,48231
2156,108,TX,Madison,48313
3902,216,TX,Freestone,48161
97124,3251,TX,Collin,48085
4776,309,TX,Limestone,48293
6792,294,TX,Matagorda,48321
296083,11334,TX,Dallas,48113
6500,233,TX,Austin,48015
3257,163,TX,Robertson,48395
4053,172,TX,Burleson,48051
10270,672,TX,Anderson,48001
1756,115,TX,Clay,48077
3864,136,TX,Gonzales,48177
1660,95,TX,Refugio,48391
46923,1874,TX,Bell,48027
3695,155,TX,De Witt,48123
40967,1918,TX,Mclennan,48309
21306,1412,TX,Parker,48367
6825,197,TX,Fayette,48149
6134,289,TX,Erath,48143
9871,519,TX,Coryell,48099
6274,265,TX,Aransas,48007
1436,82,TX,Jack,48237
2826,130,TX,Karnes,48255
30015,1775,TX,Johnson,48251
4689,193,TX,Kleberg,48273
7075,326,TX,Caldwell,48055
29638,1025,TX,Hays,48209
16387,549,TX,Victoria,48469
2792,156,TX,Falls,48145
3402,136,TX,Willacy,48489
22242,882,TX,Guadalupe,48187
242177,10655,TX,Tarrant,48439
10537,581,TX,Wise,48497
9773,446,TX,Burnet,48053
7080,360,TX,Cooke,48097
74671,2610,TX,Williamson,48491
5124,260,TX,Montague,48337
3120,131,TX,Lee,48287
16474,918,TX,Hood,48221
5644,250,TX,Milam,48331
55436,2315,TX,Nueces,48355
14551,607,TX,Bastrop,48021
85391,3293,TX,Denton,48121
1697,58,TX,Live Oak,48297
7733,291,TX,Wilson,48493
8091,628,TX,Hill,48217
59954,1822,TX,Cameron,48061
7789,313,TX,Jim Wells,48249
120847,3883,TX,Travis,48453
625,51,TX,Menard,48327
15114,534,TX,Kerr,48265
922,33,TX,Jim Hogg,48247
1789,67,TX,Dimmit,48127
6099,221,TX,Bandera,48019
99428,2736,TX,Hidalgo,48215
1950,85,TX,Zavala,48507
4508,294,TX,Eastland,48133
179,22,TX,Mcmullen,48311
2315,199,TX,Coleman,48083
1266,44,TX,Mills,48333
268935,9657,TX,Bexar,48029
33933,1125,TX,Comal,48091
672,51,TX,Shackelford,48417
12950,366,TX,Kendall,48259
2305,115,TX,Duval,48131
340,16,TX,Foard,48155
1193,52,TX,Real,48385
767,56,TX,Knox,48275
8371,294,TX,Medina,48325
24171,1639,TX,Wichita,48485
2636,87,TX,Frio,48163
3186,188,TX,Comanche,48093
1534,61,TX,Brooks,48047
8717,473,TX,Brown,48049
1283,104,TX,Haskell,48207
4240,286,TX,Young,48503
1228,113,TX,Archer,48009
944,62,TX,Baylor,48023
369,24,TX,Throckmorton,48447
924,49,TX,Hardeman,48197
5968,418,TX,Palo Pinto,48363
5111,243,TX,Uvalde,48463
7667,309,TX,Atascosa,48013
9162,346,TX,Starr,48427
1150,48,TX,Kimble,48267
2007,141,TX,Mcculloch,48307
1726,89,TX,Somervell,48425
52,11,TX,Kenedy,48261
4457,214,TX,Bee,48025
2350,127,TX,Hamilton,48193
5719,157,TX,Lavaca,48285
4935,248,TX,Bosque,48035
1381,49,TX,Goliad,48175
12748,644,TX,San Patricio,48409
1103,37,TX,La Salle,48283
7993,244,TX,Gillespie,48171
1392,52,TX,San Saba,48411
2574,197,TX,Wilbarger,48487
1840,141,TX,Stephens,48429
2921,201,TX,Callahan,48059
5192,250,TX,Lampasas,48281
29732,789,TX,Webb,48479
2896,108,TX,Blanco,48031
8349,383,TX,Llano,48299
1229,81,TX,Mason,48319
1894,77,TX,Zapata,48505
1179,98,TX,Ochiltree,48357
4088,283,MO,Dallas,29059
7037,486,MO,Lafayette,29107
2700,186,MO,Hickory,29085
8646,562,MO,Barry,29009
6593,442,MO,Polk,29167
2089,151,MO,Caldwell,29025
3437,231,MO,Cooper,29053
1357,151,MO,Sullivan,29211
5273,364,TX,Hale,48189
329,25,TX,Motley,48345
13437,920,MO,Taney,29213
3180,267,MO,Linn,29115
5483,397,MO,Morgan,29141
55094,2816,MO,Greene,29077
1595,123,MO,Daviess,29061
1926,143,MO,Dade,29057
1204,141,MO,Putnam,29171
2222,144,MO,Carroll,29033
6555,432,MO,Benton,29015
2351,184,MO,Saint Clair,29185
396,20,TX,Armstrong,48011
3153,218,TX,Nolan,48353
538,28,TX,Schleicher,48413
1671,67,TX,Presidio,48377
2091,138,TX,Dawson,48115
2081,116,TX,Pecos,48371
741,50,MO,Mercer,29129
7887,429,MO,Pettis,29159
2752,203,MO,Barton,29011
552,58,MO,Worth,29227
1126,92,TX,Crosby,48107
340,34,TX,Stonewall,48433
726,30,TX,Sutton,48435
858,43,TX,Kinney,48271
376,32,TX,Briscoe,48045
403,26,TX,Reagan,48383
32966,1367,WA,Benton,53005
685,40,WA,Garfield,53023
992,73,TX,Lynn,48305
552,26,TX,Hemphill,48211
1205,80,TX,Floyd,48153
503,24,TX,Edwards,48137
9361,207,TX,Maverick,48323
17309,1232,TX,Potter,48375
819,76,TX,Garza,48169
1050,72,TX,Carson,48065
43093,2957,TX,Lubbock,48303
12289,556,WA,Walla Walla,53071
14918,825,WA,Grant,53025
2676,158,WA,Adams,53001
3102,183,WA,Lincoln,53043
1449,103,TX,Swisher,48437
227,13,TX,Sterling,48431
5543,371,WA,Whitman,53075
9787,406,WA,Franklin,53021
550,55,TX,Lipscomb,48295
594,69,TX,Collingsworth,48087
158,11,TX,Glasscock,48173
3764,308,TX,Gray,48179
842,81,TX,Donley,48129
2768,160,TX,Jones,48253
295,23,TX,Irion,48235
1339,78,TX,Mitchell,48335
1237,93,TX,Childress,48075
812,56,TX,Fisher,48151
654,59,TX,Concho,48095
843,59,TX,Coke,48081
399,37,TX,Cottle,48101
733,67,TX,Hall,48191
2559,169,TX,Runnels,48399
1413,75,WA,Wahkiakum,53069
895,34,TX,Hansford,48195
2765,192,TX,Scurry,48415
657,19,TX,Crockett,48105
170,22,TX,Kent,48263
544,52,TX,Dickens,48125
3828,295,TX,Hutchinson,48233
7917,335,TX,Val Verde,48465
23,11,TX,King,48269
20649,1371,TX,Tom Green,48451
45,11,TX,Borden,48033
19757,1017,WA,Lewis,53041
12254,298,WA,Jefferson,53031
114935,3741,WA,Snohomish,53061
22116,582,WA,Island,53029
25558,859,WA,Clallam,53009
43103,1384,WA,Whatcom,53073
286563,6861,WA,King,53033
7786,379,WA,Pacific,53049
5787,282,WA,Klickitat,53039
7940,511,MO,Newton,29145
3645,324,MO,Mcdonald,29119
1374,65,MO,Atchison,29005
17867,965,MO,Cass,29037
15125,701,MO,Platte,29165
17050,1282,MO,Buchanan,29021
2531,188,MO,Andrew,29003
25328,1828,MO,Jasper,29097
1123,87,MO,Holt,29087
139,11,TX,Roberts,48393
1067,91,TX,Wheeler,48483
23885,1451,TX,Taylor,48441
4950,285,TX,Howard,48227
586,24,TX,Crane,48103
3588,363,MO,Pike,29163
4549,372,MO,Washington,29221
9153,680,MO,Butler,29023
23064,1213,MO,Franklin,29071
3963,337,MO,Wayne,29223
2599,250,MO,Bollinger,29017
64921,2261,MO,Saint Charles,29183
5104,424,MO,Crawford,29055
3683,202,MO,Sainte Genevieve,29186
3200,262,MO,Ripley,29181
6333,330,MO,Warren,29219
191287,6434,MO,Saint Louis,29189
36637,1999,MO,Jefferson,29099
441,35,TX,Oldham,48359
527,35,TX,Upton,48461
20423,1182,TX,Randall,48381
1871,121,TX,Gaines,48165
792,69,TX,Martin,48317
1982,106,TX,Andrews,48003
1337,107,TX,Parmer,48369
1909,107,TX,Terry,48445
16535,708,TX,Midland,48329
1003,68,TX,Winkler,48495
629,49,TX,Hudspeth,48229
525,52,TX,Cochran,48079
9205,578,MO,Lincoln,29113
1610,144,MO,Carter,29035
14521,1212,MO,Saint Francois,29187
6808,731,MO,Dunklin,29069
42622,1826,MO,Saint Louis City,29510
866,99,MO,Knox,29103
1558,157,MO,Maries,29125
25330,1241,MO,Boone,29019
2934,224,MO,Douglas,29067
1364,111,TX,Dallam,48111
605,25,TX,Jeff Davis,48243
1973,85,TX,Reeves,48389
238,25,TX,Terrell,48443
2573,165,TX,Deaf Smith,48117
18100,1047,TX,Ector,48135
1832,134,MO,Howard,29089
4228,324,MO,Miller,29131
14557,775,MO,Cole,29051
1631,122,MO,Ralls,29173
2953,225,MO,Montgomery,29139
2651,221,MO,Ozark,29153
6537,640,MO,Marion,29127
8083,601,MO,Laclede,29105
5147,525,MO,Randolph,29175
2552,250,MO,Oregon,29149
2399,153,MO,Osage,29151
3959,265,MO,Gasconade,29073
1462,130,MO,Clark,29045
8416,692,MO,Phelps,29161
346,35,TX,Sherman,48421
1064,96,TX,Bailey,48017
472,32,TX,Culberson,48109
16,0,TX,Loving,48301
2526,193,TX,Lamb,48279
1170,83,TX,Yoakum,48501
2051,235,MO,Lewis,29111
6647,505,MO,Pulaski,29169
4367,378,MO,Adair,29001
4897,351,MO,Wright,29229
5036,456,MO,Audrain,29007
2674,201,MO,Moniteau,29135
8109,568,MO,Callaway,29027
5600,429,MO,Texas,29215
877,110,MO,Schuyler,29197
10069,774,MO,Howell,29091
3731,311,MO,Macon,29121
1582,162,MO,Shelby,29205
1717,169,MO,Shannon,29203
1090,56,TX,Castro,48069
2013,105,TX,Brewster,48043
1703,136,TX,Ward,48475
886,85,MO,Scotland,29199
3683,344,MO,Dent,29065
2289,200,MO,Monroe,29137
12021,728,MO,Camden,29029
6281,406,MO,Henry,29083
3135,228,MO,Livingston,29117
7463,450,MO,Johnson,29101
7540,538,MO,Lawrence,29109
2240,149,TX,Moore,48341
3357,234,TX,Hockley,48219
15723,878,MO,Christian,29043
2068,165,MO,Harrison,29081
8165,509,MO,Webster,29225
2338,179,MO,Grundy,29079
8789,506,MO,Stone,29209
4022,314,MO,Ray,29177
4635,392,MO,Saline,29195
1638,172,MO,Chariton,29041
3620,247,MO,Cedar,29039
128,22,TX,Hartley,48205
121136,6409,TX,El Paso,48141
19259,698,NH,Grafton,33009
9352,438,NH,Coos,33007
30027,1082,NH,Merrimack,33013
14888,496,NH,Carroll,33003
59159,1683,NH,Rockingham,33015
70271,2081,NH,Hillsborough,33011
22500,754,NH,Strafford,33017
17098,698,NH,Belknap,33001
9842,404,NH,Sullivan,33019
16907,639,NH,Cheshire,33005
1162,67,WA,Columbia,53013
8239,324,WA,Kittitas,53037
39888,1746,WA,Yakima,53077
10138,486,WA,Okanogan,53047
99156,4462,WA,Spokane,53063
10836,668,WA,Stevens,53065
3715,224,WA,Pend Oreille,53051
16545,624,WA,Chelan,53007
5955,302,WA,Asotin,53003
1888,161,WA,Ferry,53019
7356,355,WA,Douglas,53017
5563,123,WA,San Juan,53055
19438,1054,WA,Grays Harbor,53027
25040,1296,WA,Cowlitz,53015
81409,3210,WA,Clark,53011
50890,1826,WA,Kitsap,53035
15961,632,WA,Mason,53045
29630,1054,WA,Skagit,53057
138290,5060,WA,Pierce,53053
55636,1883,WA,Thurston,53067
1758,80,WA,Skamania,53059
9585,858,MO,Scott,29201
7089,569,MO,Stoddard,29207
15093,898,MO,Cape Girardeau,29031
2863,305,MO,Mississippi,29133
3803,261,MO,Perry,29157
3455,386,MO,Pemiscot,29155
3259,340,MO,New Madrid,29143
3043,299,MO,Madison,29123
1496,140,MO,Reynolds,29179
2940,291,MO,Iron,29093
114257,5964,MO,Jackson,29095
1418,130,MO,Gentry,29075
38993,2014,MO,Clay,29047
3752,254,MO,Nodaway,29147
4499,329,MO,Clinton,29049
4260,408,MO,Vernon,29217
1694,123,MO,Dekalb,29063
3920,357,MO,Bates,29013
12619,656,PA,Wayne,42127
233577,10484,PA,Philadelphia,42101
78327,2985,PA,Berks,42011
33153,1638,PA,Schuylkill,42107
46391,2546,PA,Lackawanna,42069
6857,374,PA,Wyoming,42131
83709,2480,PA,Chester,42029
31052,1594,PA,Monroe,42089
15283,764,PA,Carbon,42025
147204,4865,PA,Montgomery,42091
100674,3786,PA,Delaware,42045
63931,2093,PA,Lehigh,42077
68007,2454,PA,Northampton,42095
67505,3526,PA,Luzerne,42079
120904,4593,PA,Bucks,42017
14261,596,PA,Pike,42103
9488,606,PA,Susquehanna,42115
103310,3888,PA,Lancaster,42071
10265,693,PA,Tioga,42117
50795,2022,PA,Dauphin,42043
7243,425,PA,Snyder,42109
9945,472,PA,Perry,42099
3460,205,PA,Fulton,42057
14032,883,PA,Bradford,42015
10162,619,PA,Huntingdon,42061
7694,543,PA,Clinton,42035
14292,891,PA,Columbia,42037
86119,3618,PA,York,42133
4993,284,PA,Juniata,42067
10895,616,PA,Mifflin,42087
4199,251,PA,Montour,42093
21390,1103,PA,Adams,42001
52572,1995,PA,Cumberland,42041
31488,1508,PA,Franklin,42055
4311,265,PA,Potter,42105
25484,1616,PA,Lycoming,42081
29547,946,PA,Lebanon,42075
22989,1233,PA,Centre,42027
8307,526,PA,Union,42119
1791,125,PA,Forest,42053
8032,734,PA,Greene,42059
10723,758,PA,Jefferson,42065
8526,564,PA,Clarion,42031
18022,1297,PA,Clearfield,42033
18704,1269,PA,Indiana,42063
1403,112,PA,Cameron,42023
39852,2190,PA,Butler,42019
11940,694,PA,Bedford,42009
27200,1603,PA,Mercer,42085
34515,2097,PA,Cambria,42021
7558,453,PA,Elk,42047
29821,1614,PA,Blair,42013
18253,1383,PA,Somerset,42111
56234,2663,PA,Erie,42049
34248,3006,PA,Fayette,42051
9425,630,PA,Mckean,42083
9525,478,PA,Warren,42123
236028,13793,PA,Allegheny,42003
46652,3386,PA,Washington,42125
19725,1235,PA,Crawford,42039
12957,930,PA,Venango,42121
14419,801,PA,Armstrong,42005
86007,5560,PA,Westmoreland,42129
38059,2038,PA,Beaver,42007
22176,1280,PA,Lawrence,42073
1597,118,MS,Choctaw,28019
5541,455,MS,Tippah,28139
1772,124,PA,Sullivan,42113
21420,1443,PA,Northumberland,42097
85,0,MP,Rota Municipality,69100
68,0,MP,Tinian Municipality,69120
1797,38,MP,Saipan Municipality,69110
NA,NA,MP,NA,NA
77584,2085,DC,District Of Columbia,11001
1850,132,MS,Kemper,28069
11430,711,MS,Lowndes,28087
8260,642,MS,Alcorn,28003
4016,239,MS,Clarke,28023
5171,325,MS,George,28039
7616,559,MS,Monroe,28095
4583,362,MS,Prentiss,28117
1834,133,MS,Greene,28041
3428,192,MS,Wayne,28153
2404,158,MS,Noxubee,28103
24357,1371,MS,Jackson,28059
5603,392,MS,Tishomingo,28141
17510,1179,MS,Lee,28081
5399,413,MS,Itawamba,28057
14956,939,MS,Lauderdale,28075
3886,238,MS,Jasper,28061
4436,307,MS,Chickasaw,28017
5576,461,MS,Union,28145
1512,122,MS,Benton,28009
5963,433,MS,Lamar,28073
7106,371,MS,Lafayette,28071
2243,150,MS,Carroll,28015
2890,190,MS,Montgomery,28097
12321,822,MS,Pearl River,28109
2426,199,MS,Perry,28111
3894,267,MS,Newton,28101
17265,1080,MS,Forrest,28035
4125,322,MS,Yalobusha,28161
5825,311,MS,Simpson,28127
4253,287,MS,Stone,28131
25094,1246,MS,Rankin,28121
5621,420,MS,Marion,28091
5425,374,MS,Scott,28123
6251,399,MS,Oktibbeha,28105
4181,266,MS,Covington,28031
5341,441,MS,Pontotoc,28115
5219,380,MS,Tate,28137
4226,330,MS,Attala,28007
3287,217,MS,Calhoun,28013
8881,567,MS,Hancock,28045
2611,152,MS,Smith,28129
3959,236,MS,Winston,28159
38326,2342,MS,Harrison,28047
7679,560,MS,Panola,28107
8047,493,MS,Marshall,28093
4967,385,MS,Grenada,28043
4649,287,MS,Leake,28079
4091,320,MS,Clay,28025
5969,374,MS,Neshoba,28099
13449,743,MS,Jones,28067
2377,175,MS,Jefferson Davis,28065
3057,217,MS,Webster,28155
9841,688,MS,Washington,28151
152,22,MS,Issaquena,28055
6447,399,MS,Lincoln,28085
1872,109,MS,Tunica,28143
7118,656,MS,Bolivar,28011
9029,503,MS,Warren,28149
2558,192,MS,Tallahatchie,28135
1070,77,MS,Sharkey,28125
4229,351,MS,Holmes,28051
4671,300,MS,Yazoo,28163
3819,229,MS,Lawrence,28077
8855,511,MS,Pike,28113
6170,351,MS,Copiah,28029
2762,140,MS,Amite,28005
1744,105,MS,Claiborne,28021
1881,98,MS,Humphreys,28053
5828,393,MS,Leflore,28083
4581,278,MS,Coahoma,28027
1399,117,MS,Quitman,28119
1739,117,MS,Franklin,28037
4530,342,MS,Sunflower,28133
1561,80,MS,Jefferson,28063
39242,1766,MS,Hinds,28049
26189,1589,MS,Desoto,28033
2699,183,MS,Walthall,28147
16640,680,MS,Madison,28089
1798,102,MS,Wilkinson,28157
6885,433,MS,Adams,28001
23033,1026,ME,Androscoggin,23001
8889,234,ME,Sagadahoc,23023
8738,522,ME,Washington,23029
10046,424,ME,Waldo,23027
47094,1412,ME,York,23031
34484,1769,ME,Penobscot,23019
29024,1162,ME,Kennebec,23011
14593,694,ME,Oxford,23017
4904,265,ME,Piscataquis,23021
10280,352,ME,Lincoln,23015
59695,1715,ME,Cumberland,23005
14074,545,ME,Hancock,23009
10953,319,ME,Knox,23013
7374,387,ME,Franklin,23007
18806,1396,ME,Aroostook,23003
12912,729,ME,Somerset,23025
3039,272,IL,Clay,17025
2564,141,IL,Wabash,17185
3325,197,IL,Piatt,17147
981,75,IL,Pope,17151
9288,598,IL,Coles,17029
7475,509,IL,Effingham,17049
2115,147,IL,Cumberland,17035
4281,319,IL,Crawford,17033
3639,242,IL,Clark,17023
13632,618,IL,Kendall,17093
714856,25321,IL,Cook,17031
1365,82,IL,Gallatin,17059
6655,431,IL,Iroquois,17075
2815,202,IL,Ford,17053
4036,237,IL,Douglas,17041
3649,227,IL,Richland,17159
1841,104,IL,Hamilton,17065
3670,217,IL,White,17193
20069,1168,IL,Kankakee,17091
6869,428,IL,Livingston,17105
3508,265,IL,Wayne,17191
66766,2274,IL,Kane,17089
1036,99,IL,Hardin,17069
8661,442,IL,Grundy,17063
2873,158,IL,Moultrie,17139
16358,1128,IL,Vermilion,17183
1987,161,IL,Jasper,17079
92998,3666,IL,Will,17197
143828,4450,IL,Dupage,17043
5727,401,IL,Saline,17165
105801,3391,IL,Lake,17097
3085,215,IL,Lawrence,17101
27288,1240,IL,Champaign,17019
3983,309,IL,Edgar,17045
53721,2238,IL,Mchenry,17111
1359,93,IL,Edwards,17047
25374,1206,IL,Mclean,17113
3445,179,IL,Bond,17005
7602,344,IL,Bureau,17011
6514,406,IL,Montgomery,17135
22773,1204,IL,Macon,17115
9208,664,IL,Franklin,17055
7532,359,IL,Lee,17103
15662,634,IL,Dekalb,17037
1371,59,IL,Stark,17175
44464,1930,IL,Saint Clair,17163
2834,153,IL,Washington,17189
2610,134,IL,Menard,17129
3357,218,IL,Dewitt,17039
1351,71,IL,Putnam,17155
11430,500,IL,Stephenson,17177
4155,304,IL,Union,17181
6199,242,IL,Clinton,17027
13412,933,IL,Williamson,17199
3657,229,IL,Mason,17125
3305,294,IL,Massac,17127
7208,369,IL,Randolph,17157
6283,274,IL,Woodford,17203
4032,237,IL,Perry,17145
3048,217,IL,Johnson,17087
4310,304,IL,Shelby,17173
4046,318,IL,Fayette,17051
54695,2397,IL,Winnebago,17201
9762,418,IL,Ogle,17141
38550,1919,IL,Sangamon,17167
27872,1381,IL,Tazewell,17179
22224,1069,IL,La Salle,17099
8633,406,IL,Boone,17007
3016,134,IL,Marshall,17123
10122,847,IL,Marion,17121
1407,134,IL,Pulaski,17153
51698,2393,IL,Madison,17119
1525,142,IL,Alexander,17003
11055,641,IL,Macoupin,17117
13400,695,IL,Whiteside,17195
5687,332,IL,Logan,17107
7736,492,IL,Jefferson,17081
34117,1595,IL,Peoria,17143
7944,546,IL,Christian,17021
4113,194,IL,Carroll,17015
10007,622,IL,Jackson,17077
4604,365,IL,Hancock,17067
1010,74,IL,Brown,17009
4133,240,IL,Jersey,17083
3711,182,IL,Mercer,17131
8038,522,IL,Fulton,17057
29369,1165,IL,Rock Island,17161
13971,1195,IL,Adams,17001
998,75,IL,Scott,17171
1553,120,IL,Schuyler,17169
6101,224,IL,Jo Daviess,17085
5313,323,IL,Mcdonough,17109
10522,489,IL,Henry,17073
2983,224,IL,Greene,17061
3666,352,IL,Pike,17149
2566,171,IL,Cass,17017
7270,450,IL,Morgan,17137
1140,85,IL,Calhoun,17013
3300,223,IL,Warren,17187
6459,264,IL,Monroe,17133
11690,798,IL,Knox,17095
1545,121,IL,Henderson,17071
7757,685,AR,Mississippi,05093
4017,343,AR,Randolph,05121
15332,1236,AR,Craighead,05031
1862,151,AR,Monroe,05095
3662,277,AR,Cross,05037
4108,259,AR,Phillips,05107
3232,342,AR,Jackson,05067
3847,367,AR,Clay,05021
2821,218,AR,Desha,05041
4874,353,AR,Saint Francis,05123
8852,753,AR,Greene,05055
1766,174,AR,Woodruff,05147
1791,142,AR,Lee,05077
8223,573,AR,Crittenden,05035
2570,166,AR,Chicot,05017
4615,461,AR,Lawrence,05075
5505,643,AR,Poinsett,05111
3769,362,AR,Stone,05137
7885,837,AR,Independence,05063
12608,852,AR,Lonoke,05085
3061,301,AR,Fulton,05049
3802,324,AR,Arkansas,05001
5012,309,AR,Van Buren,05141
2438,164,AR,Searcy,05129
14350,931,AR,Jefferson,05069
2112,188,AR,Lincoln,05079
4010,363,AR,Izard,05065
7616,582,AR,Cleburne,05023
940,108,AR,Calhoun,05013
17918,1004,AR,Faulkner,05045
14185,1114,AR,Baxter,05005
5010,359,AR,Ashley,05003
6182,566,AR,Sharp,05135
16315,1278,AR,White,05145
4611,305,AR,Conway,05029
69288,3506,AR,Pulaski,05119
3393,243,AR,Grant,05053
1783,135,AR,Dallas,05039
1786,116,AR,Cleveland,05025
20197,1302,AR,Saline,05125
4658,387,AR,Marion,05089
1897,164,AR,Prairie,05117
2458,166,AR,Bradley,05011
3360,314,AR,Drew,05043
8882,572,AR,Union,05139
5094,394,AR,Polk,05113
4639,335,AR,Clark,05019
5476,433,AR,Logan,05083
8163,630,AR,Miller,05091
6672,439,AR,Carroll,05015
5114,474,AR,Johnson,05071
31826,1777,AR,Garland,05051
2553,199,AR,Scott,05127
2558,164,AR,Perry,05105
6964,539,AR,Hot Spring,05059
5148,372,AR,Columbia,05027
5906,450,AR,Ouachita,05103
4511,377,AR,Yell,05149
2176,158,AR,Newton,05101
3966,287,AR,Franklin,05047
13042,959,AR,Crawford,05033
2944,276,AR,Little River,05081
10071,650,AR,Boone,05009
2213,160,AR,Montgomery,05097
3212,248,AR,Howard,05061
2054,193,AR,Nevada,05099
3540,295,AR,Madison,05087
1510,132,AR,Lafayette,05073
12252,1006,AR,Pope,05115
2532,231,AR,Pike,05109
3973,333,AR,Hempstead,05057
2722,266,AR,Sevier,05133
32384,2145,AR,Washington,05143
37671,2363,AR,Benton,05007
23929,1589,AR,Sebastian,05131
2854,120,MN,Lake,27075
1627,69,MN,Cook,27031
5095,206,MN,Fillmore,27045
24173,956,MN,Olmsted,27109
9039,276,MN,Winona,27169
9931,441,MN,Goodhue,27049
8075,397,MN,Mower,27099
5523,200,MN,Wabasha,27157
43902,1799,MN,Saint Louis,27137
7603,364,MN,Carlton,27017
6900,317,MN,Pine,27115
4501,144,MN,Houston,27055
6965,306,MN,Mille Lacs,27095
5194,222,MN,Aitkin,27001
3172,146,MN,Dodge,27039
7077,272,MN,Freeborn,27047
2655,113,MN,Sibley,27143
3696,150,MN,Waseca,27161
3678,156,MN,Koochiching,27071
18845,623,MN,Wright,27171
17132,583,MN,Scott,27139
10763,410,MN,Chisago,27025
11677,502,MN,Itasca,27061
3000,140,MN,Kanabec,27065
63511,2081,MN,Dakota,27037
51028,1886,MN,Anoka,27003
83147,2737,MN,Ramsey,27123
6595,308,MN,Isanti,27059
5575,237,MN,Benton,27009
42373,1276,MN,Washington,27163
17299,762,MN,Crow Wing,27035
11387,376,MN,Rice,27131
14503,550,MN,Sherburne,27141
4330,154,MN,Le Sueur,27079
3584,159,MN,Faribault,27043
180326,5716,MN,Hennepin,27053
7217,281,MN,Steele,27147
10855,479,MN,Blue Earth,27013
12545,372,MN,Carver,27019
7561,247,MN,Mcleod,27085
3898,158,MN,Todd,27153
5248,266,MN,Hubbard,27057
2031,110,MN,Jackson,27063
2666,117,MN,Pope,27121
9150,358,MN,Kandiyohi,27067
2654,120,MN,Cottonwood,27033
2323,120,MN,Watonwan,27165
8526,449,MN,Beltrami,27007
4843,182,MN,Meeker,27093
1094,60,MN,Lake Of The Woods,27077
7281,334,MN,Cass,27021
5000,221,MN,Wadena,27159
25604,901,MN,Stearns,27145
5059,226,MN,Martin,27091
7630,334,MN,Morrison,27097
3304,141,MN,Renville,27129
6234,242,MN,Brown,27015
5477,232,MN,Nicollet,27103
10359,385,MN,Douglas,27041
2074,106,MN,Clearwater,27029
3425,232,MN,Redwood,27127
1683,96,MN,Lac Qui Parle,27073
3668,184,MN,Nobles,27105
2248,120,MN,Rock,27133
9291,371,MN,Clay,27027
8068,319,MN,Becker,27005
1449,114,MN,Norman,27107
2054,150,MN,Marshall,27089
4837,237,MN,Lyon,27083
1348,82,MN,Lincoln,27081
14471,575,MN,Otter Tail,27111
2028,163,MN,Murray,27101
1365,102,MN,Wilkin,27167
2660,139,MN,Pennington,27113
939,69,MN,Traverse,27155
2358,124,MN,Yellow Medicine,27173
1560,120,MN,Grant,27051
2527,143,MN,Chippewa,27023
1703,103,MN,Stevens,27149
1111,97,MN,Kittson,27069
1965,94,MN,Pipestone,27117
803,70,MN,Mahnomen,27087
2275,133,MN,Swift,27151
871,47,MN,Red Lake,27125
1460,95,MN,Big Stone,27011
6215,347,MN,Polk,27119
2963,169,MN,Roseau,27135
11777,172,GU,Guam,66010
4074,313,OK,Adair,40001
9091,735,OK,Sequoyah,40135
14536,753,OK,Muskogee,40101
8472,515,OK,Ottawa,40115
14263,738,OK,Rogers,40131
8349,534,OK,Mayes,40097
6966,630,OK,Mccurtain,40089
8566,523,OK,Delaware,40041
2758,210,OK,Pushmataha,40127
12906,741,OK,Wagoner,40145
3967,249,OK,Craig,40035
7745,471,OK,Cherokee,40021
9898,804,OK,Le Flore,40079
3568,316,OK,Choctaw,40023
2459,165,OK,Latimer,40077
2946,198,OK,Haskell,40061
3609,264,OK,Marshall,40095
6400,461,OK,Lincoln,40081
2767,218,OK,Hughes,40063
1133,87,OK,Coal,40029
2560,166,OK,Atoka,40005
7680,425,OK,Okmulgee,40111
11264,670,OK,Washington,40147
4828,414,OK,Seminole,40133
7098,570,OK,Pontotoc,40123
14793,968,OK,Creek,40037
2397,220,OK,Johnston,40069
3447,243,OK,Osage,40113
8903,665,OK,Pittsburg,40121
3489,237,OK,Pawnee,40117
2463,162,OK,Okfuskee,40107
8774,578,OK,Bryan,40013
110427,5659,OK,Tulsa,40143
5349,328,OK,Mcintosh,40091
2202,133,OK,Nowata,40105
19099,953,OK,Canadian,40017
9944,808,OK,Carter,40019
10057,699,OK,Kay,40071
13995,1035,OK,Pottawatomie,40125
2016,164,OK,Love,40085
2217,165,OK,Noble,40103
122820,5887,OK,Oklahoma,40109
38363,1893,OK,Cleveland,40027
6000,362,OK,Garvin,40049
5874,370,OK,Logan,40083
1490,122,OK,Jefferson,40067
7668,430,OK,Mcclain,40087
9788,563,OK,Stephens,40137
2870,181,OK,Kingfisher,40073
985,81,OK,Grant,40053
2884,198,OK,Murray,40099
8548,591,OK,Grady,40051
11208,756,OK,Payne,40119
10974,646,OK,Garfield,40047
787,67,OK,Harper,40059
1068,99,OK,Alfalfa,40003
5814,378,OK,Caddo,40015
1178,98,OK,Greer,40055
1175,92,OK,Cotton,40033
1564,86,OK,Woods,40151
1995,125,OK,Blaine,40011
2079,147,OK,Kiowa,40075
2122,140,OK,Washita,40149
4098,292,OK,Jackson,40065
1519,101,OK,Major,40093
4222,262,OK,Custer,40039
855,56,OK,Ellis,40045
17567,1014,OK,Comanche,40031
3593,255,OK,Beckham,40009
1538,130,OK,Tillman,40141
1083,100,OK,Dewey,40043
693,67,OK,Roger Mills,40129
3287,248,OK,Woodward,40153
599,71,OK,Harmon,40057
903,82,OK,Beaver,40007
2430,213,OK,Texas,40139
532,43,OK,Cimarron,40025
2710,25,AS,American Samoa,60050
6934,376,VT,Orleans,50019
3181,116,SD,Union,46127
1849,111,SD,Grant,46051
1761,99,SD,Hutchinson,46067
834,81,SD,Clark,46025
499,48,SD,Miner,46097
NA,NA,AS,NA,NA
NA,NA,AS,NA,NA
NA,NA,AS,NA,NA
32949,1309,SD,Minnehaha,46099
1025,70,SD,Moody,46101
965,71,SD,Deuel,46039
1827,123,SD,Roberts,46109
7551,267,SD,Lincoln,46083
4425,174,SD,Brookings,46011
NA,NA,AS,NA,NA
2398,150,ND,Walsh,38099
847,79,ND,Sargent,38081
9643,489,ND,Grand Forks,38035
2478,194,ND,Barnes,38003
1621,109,ND,Traill,38097
935,66,ND,Nelson,38063
399,44,ND,Steele,38091
22628,863,ND,Cass,38017
1674,150,ND,Pembina,38067
2993,149,ND,Richland,38077
1179,75,ND,Ransom,38073
2487,170,ND,Ramsey,38071
1073,74,ND,Dickey,38021
948,88,ND,Benson,38005
448,24,ND,Logan,38047
964,79,ND,Lamoure,38045
567,66,ND,Kidder,38043
1136,66,ND,Wells,38103
630,46,ND,Griggs,38039
864,50,ND,Mcintosh,38051
964,105,ND,Cavalier,38019
743,44,ND,Foster,38031
514,33,ND,Towner,38095
4498,234,ND,Stutsman,38093
536,22,ND,Eddy,38027
362,33,ND,Sioux,38085
1752,86,ND,Mercer,38057
16033,572,ND,Burleigh,38015
9328,394,ND,Ward,38101
1572,109,ND,Bottineau,38009
859,61,ND,Emmons,38029
329,44,ND,Sheridan,38083
1290,117,ND,Mchenry,38049
2379,138,ND,Mclean,38055
606,46,ND,Grant,38037
475,33,ND,Renville,38075
285,12,ND,Oliver,38065
1770,104,ND,Rolette,38079
5735,274,ND,Morton,38059
935,40,ND,Pierce,38069
460,44,ND,Burke,38013
4461,180,ND,Stark,38089
761,62,ND,Bowman,38011
65,22,ND,Slope,38087
432,33,ND,Divide,38023
607,36,ND,Adams,38001
3506,171,ND,Williams,38105
85,11,ND,Billings,38007
1279,78,ND,Mountrail,38061
961,71,ND,Mckenzie,38053
399,39,ND,Golden Valley,38033
551,45,ND,Dunn,38025
643,39,ND,Hettinger,38041
1810,114,VT,Essex,50009
8178,361,VT,Franklin,50011
6374,323,VT,Orange,50017
15654,752,VT,Rutland,50021
4822,186,VT,Lamoille,50015
7039,319,VT,Caledonia,50005
9093,344,VT,Bennington,50003
1816,68,VT,Grand Isle,50013
28317,837,VT,Chittenden,50007
14397,528,VT,Windsor,50027
12957,433,VT,Washington,50023
7809,310,VT,Addison,50001
10710,395,VT,Windham,50025
1160,57,SD,Mccook,46087
1473,90,SD,Kingsbury,46077
1219,47,SD,Hanson,46061
1891,95,SD,Clay,46027
4493,199,SD,Yankton,46135
2296,122,SD,Lake,46079
5334,241,SD,Codington,46029
1482,68,SD,Bon Homme,46009
1807,100,SD,Turner,46125
4108,150,SD,Davison,46035
1080,72,SD,Hamlin,46057
1424,96,SD,Day,46037
530,33,SD,Sanborn,46111
993,63,SD,Marshall,46091
756,80,SD,Douglas,46043
509,28,SD,Jerauld,46073
1012,48,SD,Brule,46015
7065,424,SD,Brown,46013
560,66,SD,Lyman,46085
3428,177,SD,Beadle,46005
523,36,SD,Aurora,46003
161,22,SD,Buffalo,46017
321,39,SD,Hyde,46069
826,51,SD,Edmunds,46045
729,56,SD,Hand,46059
1514,143,SD,Spink,46115
500,58,SD,Faulk,46049
635,23,SD,Mcpherson,46089
1627,127,SD,Charles Mix,46023
1148,102,SD,Gregory,46053
131,22,SD,Ziebach,46137
224,11,SD,Sully,46119
1390,75,SD,Walworth,46129
501,31,SD,Haakon,46055
665,85,SD,Dewey,46041
409,55,SD,Jackson,46071
220,22,SD,Jones,46075
356,33,SD,Campbell,46021
430,63,SD,Bennett,46007
762,100,SD,Todd,46121
606,19,SD,Stanley,46117
308,39,SD,Mellette,46095
683,46,SD,Potter,46107
3239,138,SD,Hughes,46065
1224,106,SD,Tripp,46123
499,55,SD,Corson,46031
5743,408,SD,Lawrence,46081
2543,158,SD,Custer,46033
209,33,SD,Harding,46063
24460,1390,SD,Pennington,46103
775,34,SD,Perkins,46105
2400,178,SD,Fall River,46047
2255,182,SD,Butte,46019
4490,312,SD,Meade,46093
1010,75,SD,Shannon,46113
10050,605,MI,Sanilac,26151
35536,1667,MI,Saint Clair,26147
32802,1750,MI,Jackson,26075
9747,629,MI,Roscommon,26143
4192,218,MI,Montmorency,26119
2212,165,MI,Oscoda,26135
6092,589,MI,Ogemaw,26129
42639,2037,MI,Ingham,26065
15466,879,MI,Shiawassee,26155
9447,595,MI,Hillsdale,26059
9539,626,PR,Toa Alta,72135
2665,158,PR,Maunabo,72095
4006,227,PR,Patillas,72109
8870,588,PR,Manati,72091
969,65,NE,Johnson,31097
719,80,NE,Pawnee,31133
23695,950,NE,Sarpy,31153
1683,78,NE,Burt,31021
3959,242,NE,Saunders,31155
1177,55,NE,Dixon,31051
7944,444,NE,Dodge,31053
9001,434,MI,Huron,26063
164753,6832,MI,Macomb,26099
10188,684,MI,Newaygo,26123
12398,662,MI,Saint Joseph,26149
3374,228,MI,Lake,26085
10642,562,MI,Barry,26015
6549,321,MI,Antrim,26009
5033,616,CA,Lassen,06035
4470,362,CA,Inyo,06027
1522,123,CA,Mono,06051
14624,744,CA,Tuolumne,06109
269282,11722,CA,San Bernardino,06071
246,27,CA,Alpine,06003
41307,1640,CA,El Dorado,06017
346386,13818,CA,Riverside,06065
108431,5438,CA,Kern,06029
127052,4910,CA,Fresno,06019
22316,872,CA,Madera,06039
26553,955,CA,Nevada,06057
33810,1368,CA,Merced,06047
57396,3313,CA,Tulare,06107
466311,11047,CA,Orange,06059
26966,725,CA,Imperial,06025
10762,361,CA,Amador,06005
60435,1831,CA,San Luis Obispo,06079
8777,429,MI,Alpena,26007
310635,13511,MI,Wayne,26163
3958,212,MI,Alcona,26001
17871,912,MI,Lapeer,26087
29636,1128,MI,Livingston,26093
13434,902,MI,Tuscola,26157
51444,1774,MI,Washtenaw,26161
89513,4996,MI,Genesee,26049
4880,224,MI,Presque Isle,26141
8790,560,MI,Iosco,26069
4460,279,PR,Naguabo,72103
7712,617,PR,Aguada,72003
6163,332,PR,Coamo,72043
228671,7668,CA,Sacramento,06067
97888,2458,CA,Sonoma,06097
79685,2253,CA,Placer,06061
129567,2452,CA,San Francisco,06075
53728,911,CA,Marin,06041
26969,627,CA,Napa,06055
46525,3003,CA,Shasta,06089
5089,375,MI,Arenac,26011
32802,1583,MI,Monroe,26115
225561,8516,MI,Oakland,26125
9446,713,MI,Clare,26035
7719,470,MI,Chippewa,26033
16146,761,MI,Clinton,26037
8842,535,MI,Gratiot,26057
6520,317,MI,Otsego,26137
43351,3035,MI,Saginaw,26145
24598,1440,MI,Bay,26017
6957,377,MI,Cheboygan,26031
8128,556,MI,Gladwin,26051
3270,226,MI,Crawford,26039
17027,908,MI,Midland,26111
24216,1157,MI,Eaton,26045
9605,601,MI,Isabella,26073
22108,972,MI,Lenawee,26091
1554,98,MI,Luce,26095
4481,294,MI,Kalkaska,26079
8263,610,MI,Wexford,26165
28518,1544,MI,Calhoun,26025
8896,510,MI,Mecosta,26107
11004,602,MI,Ionia,26067
103525,4530,MI,Kent,26081
14129,843,MI,Montcalm,26117
9171,328,MI,Emmet,26047
45169,2238,MI,Kalamazoo,26077
22743,833,MI,Grand Traverse,26055
3287,181,MI,Mackinac,26097
3207,250,MI,Missaukee,26113
6528,403,MI,Osceola,26133
9081,486,MI,Branch,26023
7271,340,MI,Charlevoix,26029
5422,177,MI,Leelanau,26089
2646,130,MI,Schoolcraft,26153
2566,129,MI,Alger,26003
16918,884,MI,Van Buren,26159
50176,1987,MI,Ottawa,26139
36078,1575,MI,Berrien,26021
7844,422,MI,Mason,26105
6806,370,MI,Oceana,26127
4301,208,PR,Barranquitas,72019
5107,345,PR,Lares,72081
7583,462,PR,Yauco,72153
3226,200,PR,Adjuntas,72001
846,57,PR,Maricao,72093
11335,892,PR,Aguadilla,72005
5362,253,PR,Aibonito,72009
3931,282,PR,Penuelas,72111
29347,1839,PR,Ponce,72113
38480,2611,PR,Bayamon,72021
3225,239,PR,Rincon,72117
11337,754,PR,Vega Baja,72145
9206,515,PR,Cabo Rojo,72023
12019,681,PR,Humacao,72069
6883,455,PR,Juncos,72077
2446,148,PR,Ceiba,72037
5918,492,PR,Corozal,72047
4820,201,MI,Benzie,26019
9984,511,MI,Cass,26027
7226,366,MI,Manistee,26101
19379,975,MI,Allegan,26005
37479,2333,MI,Muskegon,26121
10336,467,MI,Delta,26041
6020,281,MI,Menominee,26109
14615,543,MI,Marquette,26103
3671,225,MI,Iron,26071
1859,77,MI,Baraga,26013
6616,355,MI,Dickinson,26043
6798,558,PR,Moca,72099
3964,220,PR,Orocovis,72107
7281,567,PR,San Lorenzo,72129
674,52,MI,Keweenaw,26083
7309,327,MI,Houghton,26061
2316,114,MI,Ontonagon,26131
4322,160,MI,Gogebic,26053
7143,432,PR,Las Piedras,72085
5251,423,PR,Quebradillas,72115
5363,482,PR,Naranjito,72105
6474,407,PR,Fajardo,72053
7638,369,PR,Yabucoa,72151
4014,265,PR,Hormigueros,72067
64268,3901,PR,San Juan,72127
282,15,PR,Culebra,72049
6098,452,PR,Dorado,72051
5107,334,PR,Sabana Grande,72121
4035,251,PR,Ciales,72039
3441,199,PR,Santa Isabel,72133
9663,536,PR,Trujillo Alto,72139
2556,159,PR,Jayuya,72073
16985,1140,PR,Mayaguez,72097
7957,478,PR,Canovanas,72029
5438,244,PR,Salinas,72123
8339,458,IN,Noble,18113
3568,191,PR,Guanica,72055
1315,66,PR,Vieques,72147
2663,134,PR,Loiza,72087
5585,406,PR,Anasco,72011
6921,375,PR,Cidra,72041
6447,424,PR,Gurabo,72063
6614,436,PR,Hatillo,72065
7377,375,PR,Guayama,72057
6395,456,PR,Vega Alta,72143
14566,930,PR,Toa Baja,72137
5395,311,PR,Utuado,72141
20404,1329,PR,Arecibo,72013
3918,232,PR,Villalba,72149
15880,937,PR,Guaynabo,72061
4793,319,PR,Barceloneta,72017
10144,490,PR,Cayey,72035
58090,1425,CA,Monterey,06053
3290,216,CA,Trinity,06105
21579,826,CA,Mendocino,06045
71080,2251,CA,Solano,06095
175391,4397,CA,Contra Costa,06013
28989,912,CA,Yolo,06113
11402,842,CA,Yuba,06115
7845,208,CA,San Benito,06069
26963,1041,CA,Humboldt,06023
3418,183,CA,Colusa,06011
5868,307,CA,Del Norte,06015
2144,242,CA,Modoc,06049
237303,4864,CA,Santa Clara,06085
12169,936,CA,Tehama,06103
99715,3128,CA,San Joaquin,06077
213956,4722,CA,Alameda,06001
42626,2758,CA,Butte,06007
80519,2832,CA,Stanislaus,06099
15881,933,CA,Sutter,06101
15855,928,CA,Lake,06033
5422,428,CA,Plumas,06063
109613,2124,CA,San Mateo,06081
12739,856,CA,Siskiyou,06093
48592,997,CA,Santa Cruz,06087
5442,403,CA,Glenn,06021
3610,195,NE,Washington,31177
2072,166,NE,Richardson,31147
1105,84,NE,Nuckolls,31129
1829,125,NE,Jefferson,31095
2488,99,NE,Saline,31151
1053,48,NE,Polk,31143
1307,67,NE,Wayne,31179
1304,75,NE,Pierce,31139
6004,299,NE,Platte,31141
1292,86,NE,Boone,31011
6737,325,NE,Madison,31119
1342,109,NE,Antelope,31003
3445,177,PR,Arroyo,72015
6423,446,PR,San German,72125
30538,1779,PR,Carolina,72031
8178,653,PR,Isabela,72071
1829,61,NE,Cuming,31039
45233,1992,NE,Lancaster,31109
2896,142,NE,Dakota,31043
2988,191,NE,Otoe,31131
1412,95,NE,Nemaha,31127
4889,278,NE,Cass,31025
80174,3448,NE,Douglas,31055
898,57,NE,Thurston,31173
4908,267,NE,Gage,31067
3159,208,PR,Florida,72054
4878,333,PR,Lajas,72079
26199,1565,PR,Caguas,72025
6418,370,PR,Camuy,72027
8717,498,PR,Rio Grande,72119
7054,424,PR,Juana Diaz,72075
3064,217,PR,Comerio,72045
4623,300,PR,Aguas Buenas,72007
3904,268,PR,Catano,72033
5202,357,PR,Morovis,72101
1629,131,PR,Las Marias,72083
3783,247,PR,Guayanilla,72059
9163,700,PR,San Sebastian,72131
3450,190,PR,Luquillo,72089
803,81,CA,Sierra,06091
70386,1605,CA,Santa Barbara,06083
12319,462,CA,Calaveras,06009
137871,3797,CA,Ventura,06111
1335913,33839,CA,Los Angeles,06037
15800,899,CA,Kings,06031
472579,11965,CA,San Diego,06073
4144,220,CA,Mariposa,06043
4027,224,LA,Allen,22003
1577,100,NE,Merrick,31121
596,28,NE,Stanton,31167
1385,107,NE,Fillmore,31059
2931,168,NE,York,31185
3081,172,NE,Seward,31159
1531,136,NE,Clay,31035
1735,86,NE,Cedar,31027
1379,113,NE,Thayer,31169
1871,124,NE,Hamilton,31081
705,47,NE,Nance,31125
2172,151,NE,Knox,31107
1432,71,NE,Colfax,31037
1682,93,NE,Butler,31023
1973,138,NE,Phelps,31137
879,83,NE,Webster,31181
595,63,NE,Boyd,31015
2362,248,NE,Holt,31089
256,38,NE,Keya Paha,31103
557,44,NE,Greeley,31077
6266,449,NE,Adams,31001
1177,96,NE,Kearney,31099
2486,191,NE,Custer,31041
562,38,NE,Garfield,31071
304,35,NE,Rock,31149
3844,275,NE,Dawson,31047
720,81,NE,Sherman,31163
164,22,NE,Wheeler,31183
815,91,NE,Franklin,31061
7914,653,NE,Buffalo,31019
782,56,NE,Harlan,31083
1339,108,NE,Howard,31093
1008,103,NE,Valley,31175
9807,691,NE,Hall,31079
92,11,NE,Loup,31115
2003,172,NE,Keith,31101
798,65,NE,Hitchcock,31087
216,13,NE,Hooker,31091
1393,107,NE,Furnas,31065
531,63,NE,Frontier,31063
215,22,NE,Thomas,31171
762,76,NE,Brown,31017
426,60,NE,Dundy,31057
68,11,NE,Mcpherson,31117
2305,189,NE,Red Willow,31145
527,39,NE,Gosper,31073
639,57,NE,Perkins,31135
1188,163,NE,Cherry,31031
75,11,NE,Banner,31007
7715,1135,NE,Scotts Bluff,31157
912,169,NE,Kimball,31105
1572,100,NE,Dawes,31045
2291,301,NE,Box Butte,31013
135,11,NE,Sioux,31165
1304,122,NE,Sheridan,31161
87,11,NE,Arthur,31005
104,11,NE,Hayes,31085
7282,478,NE,Lincoln,31111
182,13,NE,Logan,31113
2053,202,NE,Cheyenne,31033
629,63,NE,Garden,31069
486,52,NE,Deuel,31049
1086,158,NE,Morrill,31123
178,33,AK,Aleutians West,02016
2284,81,AK,Ketchikan Gateway,02130
464,77,AK,Northwest Arctic,02188
156,11,AK,Skagway,02230
193,33,NE,Grant,31075
102,22,NE,Blaine,31009
840,91,NE,Chase,31029
72416,3080,AZ,Pinal,04021
21938,2124,AZ,Navajo,04017
1182,72,AZ,Greenlee,04011
645785,26298,AZ,Maricopa,04013
215226,9356,AZ,Pima,04019
30266,1865,AZ,Cochise,04003
16957,1427,AZ,Coconino,04005
15901,1083,AZ,Gila,04007
5348,314,AZ,Graham,04009
8940,296,AZ,Santa Cruz,04023
10568,812,AZ,Apache,04001
33856,1098,AZ,Yuma,04027
62832,3576,AZ,Mohave,04015
77701,5674,AZ,Yavapai,04025
5241,271,AZ,La Paz,04012
1306,33,AK,Sitka,02220
791,99,AK,Yukon Koyukuk,02290
33877,1158,AK,Anchorage,02020
845,44,AK,Prince Of Wales Hyder,02198
760,34,AK,Petersburg,02195
503,11,AK,Wrangell,02275
4660,88,AK,Juneau,02110
11025,374,AK,Kenai Peninsula,02122
251,11,AK,Denali,02068
1178,42,AK,Southeast Fairbanks,02240
1301,66,AK,Valdez Cordova,02261
10488,255,AK,Fairbanks North Star,02090
553,11,AK,Haines,02100
1241,165,AK,Bethel,02050
172,88,AK,Lake And Peninsula,02164
454,44,AK,Hoonah Angoon,02105
5738,420,IN,Randolph,18135
6515,507,IN,Jefferson,18077
31780,1590,IN,Elkhart,18039
5061,250,IN,Lagrange,18087
21839,1792,IN,Clark,18019
14542,1049,IN,Grant,18053
1695,112,IN,Switzerland,18155
22196,1491,IN,Delaware,18035
14466,724,IN,Kosciusko,18085
4370,275,IN,Jay,18075
121,22,AK,Bristol Bay,02060
391,44,AK,Dillingham,02070
13423,530,AK,Matanuska Susitna,02170
130,44,AK,Aleutians East,02013
477,77,AK,Wade Hampton,02270
445,57,AK,North Slope,02185
701,77,AK,Nome,02180
1477,69,AK,Kodiak Island,02150
92,11,AK,Yakutat,02282
7810,294,IN,Steuben,18151
1252,67,IN,Ohio,18115
8192,398,IN,Huntington,18069
7627,416,IN,Wabash,18169
61502,2504,IN,Allen,18003
5668,302,IN,Wells,18179
5291,323,IN,Decatur,18031
5932,515,IN,Scott,18143
6904,421,IN,Ripley,18137
1620,107,IN,Union,18161
3637,214,IN,Franklin,18047
10818,737,IN,Henry,18065
3329,226,IN,Rush,18139
14477,775,IN,Hancock,18059
5360,428,IN,Jennings,18079
7821,439,IN,De Kalb,18033
10160,475,IN,Dearborn,18029
14924,1102,IN,Wayne,18177
7990,537,IN,Shelby,18145
27677,2029,IN,Madison,18095
7235,332,IN,Whitley,18183
6001,364,IN,Fayette,18041
5723,229,IN,Adams,18001
2966,216,IN,Blackford,18009
7176,391,IN,Jasper,18073
3795,207,IN,Perry,18123
1891,146,IN,Benton,18007
8922,436,IN,Marshall,18099
4251,297,IN,Orange,18117
12049,545,IN,Warrick,18173
1214,97,IN,Warren,18171
23081,1223,IN,Tippecanoe,18157
21555,1129,IN,La Porte,18091
42045,1461,IN,Hamilton,18057
8309,294,IN,Dubois,18037
14448,880,IN,Bartholomew,18005
7499,525,IN,Cass,18017
3252,201,IN,Carroll,18015
7658,450,IN,Montgomery,18107
4349,224,IN,Fulton,18049
29461,1325,IN,Porter,18127
6849,466,IN,Greene,18055
26956,1394,IN,Johnson,18081
4795,256,IN,Owen,18119
6324,416,IN,Clinton,18023
14457,1030,IN,Floyd,18043
8088,596,IN,Harrison,18061
2932,195,IN,Pulaski,18131
2205,94,IN,Brown,18013
15843,814,IN,Morgan,18109
47772,2186,IN,St Joseph,18141
4961,310,IN,Starke,18149
4330,395,IN,Fountain,18045
3107,152,IN,Tipton,18159
2615,200,IN,Crawford,18025
4469,231,IN,Spencer,18147
9831,471,IN,Boone,18011
5943,358,IN,White,18181
5679,398,IN,Clay,18021
4972,327,IN,Daviess,18027
18677,1211,IN,Howard,18067
2659,191,IN,Pike,18125
8808,537,IN,Jackson,18071
2303,141,IN,Martin,18101
19435,825,IN,Monroe,18105
7170,444,IN,Miami,18103
7376,425,IN,Putnam,18133
135063,7229,IN,Marion,18097
3213,223,IN,Parke,18121
5362,439,IN,Washington,18175
23010,938,IN,Hendricks,18063
10355,577,IN,Lawrence,18093
2331,166,IN,Newton,18111
87599,4615,IN,Lake,18089
4699,218,IN,Posey,18129
6676,332,IN,Gibson,18051
3507,269,IN,Vermillion,18165
35498,1725,IN,Vanderburgh,18163
20286,1517,IN,Vigo,18167
7631,557,IN,Knox,18083
4189,355,IN,Sullivan,18153
1697,77,NC,Camden,37029
8069,381,NC,Pasquotank,37139
794,45,NC,Tyrrell,37177
1026,67,NC,Hyde,37095
5000,288,NC,Currituck,37053
8606,294,NC,Dare,37055
5289,258,NC,Northampton,37131
12713,499,NC,Beaufort,37013
16485,640,NC,Carteret,37031
13729,728,NC,Halifax,37083
3667,196,NC,Warren,37185
3423,148,NC,Pamlico,37137
14224,676,NC,Lenoir,37107
2372,108,NC,Gates,37073
3293,143,NC,Washington,37187
23134,974,NC,Craven,37049
16678,822,NC,Wilson,37195
9663,553,NC,Duplin,37061
5045,219,NC,Hertford,37091
3687,176,NC,Perquimans,37143
5106,246,NC,Bertie,37015
3072,130,NC,Greene,37079
44059,1699,NC,New Hanover,37129
28945,1315,NC,Pitt,37147
11611,558,NC,Pender,37141
24934,1257,NC,Onslow,37133
11900,716,NC,Edgecombe,37065
22699,939,NC,Wayne,37191
2508,150,NC,Jones,37103
3871,159,NC,Chowan,37041
6102,365,NC,Martin,37117
20465,1063,NC,Nash,37127
11469,415,NC,Chatham,37037
32554,1775,NC,Alamance,37001
29371,1890,NC,Davidson,37057
11258,496,NC,Franklin,37069
25161,1513,NC,Robeson,37155
42075,1327,NC,Durham,37063
8786,486,NC,Person,37145
25204,1565,NC,Randolph,37151
50828,2611,NC,Cumberland,37051
9869,612,NC,Richmond,37153
5258,304,NC,Hoke,37093
10154,636,NC,Stokes,37169
11580,659,NC,Sampson,37163
24196,922,NC,Moore,37125
72500,3538,NC,Forsyth,37067
9872,460,NC,Granville,37077
4087,292,NC,Caswell,37033
5220,266,NC,Anson,37007
23804,661,NC,Orange,37135
95558,4428,NC,Guilford,37081
7531,427,NC,Scotland,37165
17350,927,NC,Harnett,37085
13771,659,NC,Lee,37105
6937,394,NC,Bladen,37017
26847,1318,NC,Johnston,37101
14018,714,NC,Stanly,37167
143151,4849,NC,Wake,37183
21835,1319,NC,Rockingham,37157
46370,1711,NC,Brunswick,37019
5504,330,NC,Montgomery,37123
10473,587,NC,Vance,37181
12670,923,NC,Columbus,37047
17231,969,NC,Lincoln,37109
18273,1354,NC,Caldwell,37027
26394,1564,NC,Rowan,37159
32891,1562,NC,Cabarrus,37025
3370,269,NC,Alleghany,37005
15837,1326,NC,Wilkes,37193
7654,624,NC,Alexander,37003
7858,562,NC,Watauga,37189
23534,1299,NC,Cleveland,37045
32192,1973,NC,Iredell,37097
33738,1929,NC,Catawba,37035
42591,2447,NC,Gaston,37071
31398,1404,NC,Union,37179
129639,4902,NC,Mecklenburg,37119
8764,639,NC,Yadkin,37197
18751,1312,NC,Burke,37023
9746,533,NC,Davie,37059
7574,624,NC,Ashe,37009
18516,1519,NC,Surry,37171
5386,330,NC,Madison,37115
5312,394,NC,Avery,37011
14976,644,NC,Rutherford,37161
6165,245,NC,Polk,37149
4180,312,NC,Mitchell,37121
5330,367,NC,Yancey,37199
11180,732,NC,Mcdowell,37111
55667,2995,NC,Buncombe,37021
32217,1555,NC,Henderson,37089
10049,552,NC,Transylvania,37175
3723,325,NC,Swain,37173
2078,193,NC,Graham,37075
17198,1240,NC,Haywood,37087
7885,518,NC,Jackson,37099
10888,765,NC,Macon,37113
3746,209,NC,Clay,37043
9416,649,NC,Cherokee,37039
48426,2230,OH,Lake,39085
31225,1501,OH,Portage,39133
47148,2568,OH,Trumbull,39155
3404,308,OH,Monroe,39111
8904,779,OH,Guernsey,39059
3753,306,OH,Harrison,39067
21735,1314,OH,Ashtabula,39007
85374,4476,OH,Stark,39151
52980,2617,OH,Mahoning,39099
19765,1278,OH,Tuscarawas,39157
16198,1311,OH,Jefferson,39081
17667,699,OH,Geauga,39055
24044,1530,OH,Columbiana,39029
4532,267,OH,Carroll,39019
14690,1241,OH,Belmont,39013
14591,856,OH,Washington,39167
1901,133,OH,Noble,39121
235926,10936,OH,Cuyahoga,39035
100458,5059,OH,Summit,39153
2859,204,OH,Morgan,39115
2458,222,OH,Vinton,39163
13536,1160,OH,Lawrence,39087
10590,609,OH,Crawford,39033
19857,1714,OH,Muskingum,39119
26643,1504,OH,Richland,39139
22788,1267,OH,Wayne,39169
5865,440,OH,Hocking,39073
10398,704,OH,Ashland,39005
6678,535,OH,Jackson,39079
5226,369,OH,Morrow,39117
7913,526,OH,Perry,39127
18950,944,OH,Erie,39043
59934,3275,OH,Lorain,39093
10838,729,OH,Athens,39009
3907,202,OH,Holmes,39075
4669,399,OH,Meigs,39105
14810,740,OH,Huron,39077
25828,1300,OH,Fairfield,39045
12453,737,OH,Knox,39083
29554,1503,OH,Licking,39089
33992,1437,OH,Medina,39103
6749,564,OH,Gallia,39053
7445,484,OH,Coshocton,39031
12947,566,OH,Hancock,39063
11137,531,OH,Sandusky,39143
15019,1271,OH,Ross,39141
8730,464,OH,Madison,39097
5973,380,OH,Hardin,39065
170443,8166,OH,Franklin,39049
22198,1058,OH,Wood,39173
13132,620,OH,Seneca,39147
6451,384,OH,Union,39159
4922,252,OH,Wyandot,39175
21960,1381,OH,Allen,39003
61414,3341,OH,Butler,39017
3799,259,OH,Paulding,39125
5755,256,OH,Henry,39069
9679,484,OH,Fulton,39051
5197,313,OH,Van Wert,39161
21795,1163,OH,Miami,39109
10246,648,OH,Darke,39037
5557,407,OH,Fayette,39047
15830,1587,OH,Scioto,39145
8268,610,OH,Brown,39015
10122,603,OH,Logan,39091
5169,477,OH,Pike,39131
6868,504,OH,Adams,39001
10036,653,OH,Pickaway,39129
7653,509,OH,Champaign,39021
11615,520,OH,Ottawa,39123
28444,1894,OH,Clark,39023
29036,1096,OH,Delaware,39041
29691,1733,OH,Greene,39057
78176,4040,OH,Lucas,39095
8846,623,OH,Highland,39071
13365,969,OH,Marion,39101
9135,577,OH,Clinton,39027
8543,501,OH,Preble,39135
8290,372,OH,Defiance,39039
102959,5702,OH,Montgomery,39113
8932,484,OH,Auglaize,39011
137857,5877,OH,Hamilton,39061
38444,1915,OH,Clermont,39025
6725,293,OH,Putnam,39137
8214,418,OH,Williams,39171
33147,1480,OH,Warren,39165
8443,527,OH,Shelby,39149
8142,442,OH,Mercer,39107
6093,367,LA,Saint Bernard,22087
3420,190,LA,Plaquemines,22075
48783,2401,LA,Saint Tammany,22103
58105,2145,LA,Orleans,22071
23694,1337,LA,Tangipahoa,22105
1081,78,LA,Tensas,22107
1272,98,LA,East Carroll,22035
4226,179,LA,East Feliciana,22037
4255,186,LA,Saint James,22093
4237,192,LA,Assumption,22007
10163,636,LA,Washington,22117
81232,3614,LA,Jefferson,22051
69152,2523,LA,East Baton Rouge,22033
20644,1237,LA,Terrebonne,22109
7718,327,LA,St John The Baptist,22095
1376,66,LA,Saint Helena,22091
16642,763,LA,Lafourche,22057
20251,1182,LA,Livingston,22063
4262,164,LA,West Baton Rouge,22121
1683,100,LA,Madison,22065
16559,866,LA,Ascension,22005
8297,382,LA,Saint Charles,22089
5095,288,LA,Union,22111
2266,159,LA,Caldwell,22021
3124,186,LA,Jackson,22049
3960,225,LA,Grant,22043
7003,290,LA,Lincoln,22061
36438,1323,LA,Lafayette,22055
10502,388,LA,Vermilion,22113
6052,323,LA,Iberville,22047
4215,278,LA,Richland,22083
8792,380,LA,Saint Martin,22099
6613,392,LA,Evangeline,22039
18326,828,LA,Saint Landry,22097
4592,227,LA,Pointe Coupee,22077
2945,184,LA,La Salle,22059
6076,348,LA,Morehouse,22067
25867,1350,LA,Rapides,22079
8392,413,LA,Avoyelles,22009
2657,195,LA,Winn,22127
2272,161,LA,Catahoula,22025
13631,659,LA,Iberia,22045
26757,1541,LA,Ouachita,22073
1997,69,LA,West Feliciana,22125
9997,424,LA,Saint Mary,22101
2521,149,LA,West Carroll,22123
3837,250,LA,Concordia,22029
11027,412,LA,Acadia,22001
4127,337,LA,Franklin,22041
35487,1550,LA,Calcasieu,22019
5766,281,LA,Jefferson Davis,22053
2906,193,LA,Claiborne,22027
9154,543,LA,Webster,22119
6604,323,LA,Vernon,22115
5682,276,LA,De Soto,22031
45990,2110,LA,Caddo,22017
1631,116,LA,Red River,22081
5087,340,LA,Sabine,22085
580,35,LA,Cameron,22023
7010,377,LA,Natchitoches,22069
3241,204,LA,Bienville,22013
19211,1133,LA,Bossier,22015
7601,405,LA,Beauregard,22011
3960,401,ID,Jefferson,16051
2181,260,ID,Franklin,16041
3019,287,ID,Madison,16065
17745,1890,ID,Bonneville,16019
1419,106,ID,Teton,16081
7439,826,ID,Bingham,16011
2353,245,ID,Fremont,16043
1346,208,ID,Caribou,16029
1355,267,ID,Bear Lake,16007
36318,1802,ID,Kootenai,16055
4379,261,ID,Gem,16045
125,26,ID,Clark,16033
3357,282,ID,Jerome,16053
1204,129,ID,Custer,16037
3985,296,ID,Idaho,16049
1149,120,ID,Power,16077
4589,185,ID,Blaine,16013
4294,352,ID,Elmore,16039
2581,162,ID,Benewah,16009
9106,440,ID,Nez Perce,16069
654,85,ID,Butte,16023
1229,59,ID,Adams,16003
2822,146,ID,Valley,16085
3615,290,ID,Minidoka,16067
11533,545,ID,Bonner,16017
2494,243,ID,Lemhi,16059
76056,3744,ID,Ada,16001
3682,337,ID,Cassia,16031
928,132,ID,Oneida,16071
2767,153,ID,Clearwater,16035
1586,91,ID,Boise,16015
5071,398,ID,Payette,16075
3568,288,ID,Shoshone,16079
1917,141,ID,Lewis,16061
14525,1368,ID,Bannock,16005
15279,1398,ID,Twin Falls,16083
1934,119,ID,Owyhee,16073
2857,198,ID,Washington,16087
6131,308,ID,Latah,16057
2850,271,ID,Gooding,16047
3095,174,ID,Boundary,16021
835,81,ID,Lincoln,16063
227,24,ID,Camas,16025
36111,2081,ID,Canyon,16027
21236,859,CT,Windham,09015
32884,902,CT,Middlesex,09007
51386,1760,CT,New London,09011
148934,4369,CT,New Haven,09009
24721,865,CT,Tolland,09013
157339,4994,CT,Hartford,09003
140718,3389,CT,Fairfield,09001
39006,1547,CT,Litchfield,09005
1503,92,KS,Doniphan,20043
5133,403,KS,Franklin,20059
2878,239,KS,Allen,20001
4491,296,KS,Labette,20099
88552,3009,KS,Johnson,20091
4151,324,KS,Cherokee,20021
3066,176,KS,Atchison,20005
15995,693,KS,Douglas,20045
22767,1294,KS,Wyandotte,20209
5654,266,KS,Miami,20121
3376,236,KS,Neosho,20133
2243,128,KS,Linn,20107
2189,164,KS,Brown,20013
3058,331,KS,Bourbon,20011
7017,593,KS,Crawford,20037
3804,208,KS,Jefferson,20087
1852,140,KS,Anderson,20003
11811,661,KS,Leavenworth,20103
1758,174,KS,Greenwood,20073
5554,325,KS,Lyon,20111
7651,390,KS,Riley,20161
6902,457,KS,Cowley,20035
3665,200,KS,Osage,20139
3346,213,KS,Pottawatomie,20149
3677,265,KS,Geary,20061
35920,1514,KS,Shawnee,20177
11228,731,KS,Butler,20015
1265,110,KS,Morris,20127
539,72,KS,Chase,20017
728,47,KS,Woodson,20207
2072,186,KS,Wilson,20205
7372,503,KS,Montgomery,20125
728,79,KS,Elk,20049
2142,140,KS,Nemaha,20131
1983,116,KS,Coffey,20031
2369,199,KS,Marshall,20117
802,67,KS,Chautauqua,20019
1365,78,KS,Wabaunsee,20197
2647,169,KS,Jackson,20085
1269,106,KS,Republic,20157
6293,294,KS,Mcpherson,20113
2823,220,KS,Marion,20115
2153,126,KS,Cloud,20029
1521,94,KS,Mitchell,20123
4314,306,KS,Sumner,20191
1913,145,KS,Clay,20027
730,68,KS,Lincoln,20105
1223,65,KS,Ottawa,20143
2010,131,KS,Rice,20159
10666,568,KS,Saline,20169
1643,143,KS,Kingman,20095
4138,231,KS,Dickinson,20041
7536,366,KS,Harvey,20079
1310,136,KS,Harper,20077
1409,129,KS,Washington,20201
1246,104,KS,Ellsworth,20053
13143,670,KS,Reno,20155
81801,4690,KS,Sedgwick,20173
1371,138,KS,Phillips,20147
4775,368,KS,Ellis,20051
1861,159,KS,Pratt,20151
813,98,KS,Rush,20165
1734,170,KS,Russell,20167
5334,400,KS,Barton,20009
811,86,KS,Jewell,20089
474,41,KS,Comanche,20033
1320,133,KS,Pawnee,20145
1062,95,KS,Smith,20183
1102,137,KS,Barber,20007
901,80,KS,Osborne,20141
465,46,KS,Clark,20025
891,68,KS,Stafford,20185
682,77,KS,Edwards,20047
557,45,KS,Kiowa,20097
1195,97,KS,Rooks,20163
743,84,KS,Decatur,20039
366,43,KS,Hamilton,20075
353,48,KS,Wallace,20199
406,40,KS,Lane,20101
679,73,KS,Trego,20195
270,26,KS,Greeley,20071
315,25,KS,Stanton,20187
1217,178,KS,Sherman,20181
712,57,KS,Cheyenne,20023
942,68,KS,Scott,20171
768,69,KS,Stevens,20189
643,79,KS,Graham,20065
537,66,KS,Morton,20129
653,63,KS,Gove,20063
3708,214,KS,Ford,20057
646,59,KS,Logan,20109
670,77,KS,Rawlins,20153
1408,155,KS,Thomas,20193
758,74,KS,Ness,20135
532,26,KS,Haskell,20081
4022,222,KS,Finney,20055
519,42,KS,Sheridan,20179
2149,216,KS,Seward,20175
1062,117,KS,Norton,20137
598,49,KS,Kearny,20093
360,30,KS,Hodgeman,20083
742,50,KS,Meade,20119
444,36,KS,Wichita,20203
1035,82,KS,Grant,20067
1055,66,KS,Gray,20069
141463,6214,FL,Volusia,12127
6044,257,FL,Hendry,12051
178642,6823,FL,Orange,12095
301117,9791,FL,Broward,12011
306942,8510,FL,Palm Beach,12099
444010,16458,FL,Miami-Dade,12086
32130,2302,FL,Highlands,12055
8948,527,FL,Okeechobee,12093
54312,1808,FL,Saint Johns,12109
1412,91,FL,Glades,12043
104659,4748,FL,Lake,12069
67982,2983,FL,Seminole,12117
152714,7059,FL,Duval,12031
44581,1394,FL,Martin,12085
15974,380,FL,Monroe,12087
35212,1211,FL,Flagler,12035
150039,6777,FL,Polk,12105
72932,2599,FL,Saint Lucie,12111
95922,2507,FL,Collier,12021
54475,2104,FL,Osceola,12097
20956,898,FL,Nassau,12089
146290,6458,FL,Brevard,12009
50712,1555,FL,Indian River,12061
55236,2786,FL,Hernando,12053
3681,209,FL,Gilchrist,12041
56302,2434,FL,Citrus,12017
6946,373,FL,De Soto,12027
99447,3284,FL,Manatee,12081
229074,8453,FL,Pinellas,12103
122747,5951,FL,Pasco,12101
72670,2071,FL,Sumter,12119
4864,336,FL,Bradford,12007
184846,6461,FL,Lee,12071
17915,1047,FL,Putnam,12107
10376,587,FL,Levy,12075
14760,835,FL,Columbia,12023
4511,288,FL,Baker,12003
136403,4402,FL,Sarasota,12115
2088,152,FL,Union,12125
39672,1884,FL,Clay,12019
105522,4744,FL,Marion,12083
42767,1820,FL,Alachua,12001
4262,295,FL,Hardee,12049
223955,9096,FL,Hillsborough,12057
66542,2607,FL,Charlotte,12015
3718,310,FL,Dixie,12029
3325,163,FL,Jefferson,12065
1023,81,FL,Lafayette,12067
2967,152,FL,Hamilton,12047
10411,583,FL,Suwannee,12121
4628,309,FL,Taylor,12123
4405,219,FL,Madison,12079
5714,326,FL,Wakulla,12129
2827,192,FL,Franklin,12037
1298,110,FL,Liberty,12077
9519,488,FL,Gadsden,12039
40664,1735,FL,Leon,12073
2671,187,FL,Calhoun,12013
35045,2033,FL,Bay,12005
4939,278,FL,Holmes,12059
11126,552,FL,Jackson,12063
5036,282,FL,Washington,12133
3863,224,FL,Gulf,12045
13180,564,FL,Walton,12131
65367,2578,FL,Escambia,12033
39716,1843,FL,Okaloosa,12091
34035,1513,FL,Santa Rosa,12113
7250,354,SC,Williamsburg,45089
29531,1203,SC,Berkeley,45015
5904,345,SC,Marlboro,45069
14008,845,SC,Darlington,45031
29230,1592,SC,Florence,45041
21047,1099,SC,Sumter,45085
7059,457,SC,Marion,45067
66003,1959,SC,Charleston,45019
98491,3997,SC,Horry,45051
3313,179,SC,Lee,45061
8084,471,SC,Clarendon,45027
6092,425,SC,Dillon,45033
15635,717,SC,Georgetown,45043
8906,565,SC,Chesterfield,45025
7440,419,SC,Chester,45023
25870,1050,SC,Dorchester,45035
3088,150,SC,Bamberg,45009
33756,1224,SC,Aiken,45003
9202,384,SC,Newberry,45071
53532,2327,SC,Lexington,45063
50685,1196,SC,Beaufort,45013
14621,673,SC,Kershaw,45055
19627,807,SC,Orangeburg,45075
9264,639,SC,Colleton,45029
4958,294,SC,Hampton,45049
10883,665,SC,Cherokee,45021
22316,1017,SC,Lancaster,45057
1955,107,SC,Allendale,45005
5232,222,SC,Fairfield,45039
4187,155,SC,Jasper,45053
6776,355,SC,Union,45087
59087,2205,SC,Richland,45079
2464,100,SC,Calhoun,45017
44275,1809,SC,York,45091
4697,222,SC,Barnwell,45011
2894,131,SC,Saluda,45081
15845,742,SC,Greenwood,45047
13117,703,SC,Laurens,45059
40199,1993,SC,Anderson,45007
27256,1491,SC,Pickens,45077
95807,4395,SC,Greenville,45045
60943,3304,SC,Spartanburg,45083
6741,252,SC,Edgefield,45037
4838,238,SC,Abbeville,45001
3770,160,SC,Mccormick,45065
20651,1003,SC,Oconee,45073
9224,382,VA,Culpeper,51047
7310,301,VA,Warren,51187
4469,147,VA,Manassas City,51683
18621,816,VA,Spotsylvania,51177
56746,1988,VA,Chesterfield,51041
3679,233,VA,Brunswick,51025
3636,141,VA,Prince George,51149
5172,272,VA,Caroline,51033
5050,257,VA,Colonial Heights City,51570
4550,142,VA,Lancaster,51103
1889,87,VA,Richmond,51159
8785,450,VA,Salem,51775
10181,715,VA,Henry,51089
7943,234,VA,Charlottesville City,51540
5273,258,GA,Butts,13035
5344,261,GA,Lumpkin,13187
22139,920,GA,Forsyth,13117
7949,562,GA,Fannin,13111
3993,211,GA,Lee,13177
7778,527,GA,Gilmer,13123
18730,1109,GA,Floyd,13115
9124,691,GA,Polk,13233
21995,1424,GA,Carroll,13045
5240,230,GA,Harris,13145
10234,719,GA,Gordon,13129
14882,887,GA,Paulding,13223
6018,401,GA,Haralson,13143
575,31,GA,Clay,13061
34238,1448,GA,Muscogee,13215
9492,575,GA,Catoosa,13047
12560,870,GA,Troup,13285
849,46,GA,Quitman,13239
2420,106,VA,Poquoson City,51735
35778,1767,VA,Chesapeake City,51550
13045,616,VA,Rockingham,51165
744,65,VA,Highland,51091
15014,590,VA,Frederick,51069
8844,493,VA,Mecklenburg,51117
13001,1118,VA,Montgomery,51121
3551,296,VA,Floyd,51063
5076,335,VA,Patrick,51141
3543,375,VA,Radford,51750
3418,331,VA,Grayson,51077
4501,595,VA,Giles,51071
16621,998,VA,Portsmouth City,51740
8377,417,VA,Accomack,51001
8038,797,VA,Wythe,51197
5908,579,VA,Carroll,51035
8230,908,VA,Smyth,51173
7484,847,VA,Pulaski,51155
51890,1929,NJ,Atlantic,34001
59539,1831,NJ,Mercer,34021
17054,1135,NY,Cattaraugus,36009
45525,2206,NY,Niagara,36063
8023,453,NY,Wyoming,36121
29319,1763,NY,Chautauqua,36013
1724,365,NV,White Pine,32033
12957,1474,NV,Carson City,32510
303,46,NV,Eureka,32011
5851,597,NV,Elko,32007
13527,1399,NV,Lyon,32019
809,70,NV,Lander,32015
79993,5854,NV,Washoe,32031
391,28,NV,Storey,32029
1022,104,NV,Lincoln,32017
755,97,NV,Pershing,32027
246,33,NV,Esmeralda,32009
4899,174,WI,Marquette,55077
7948,334,WI,Lincoln,55069
13231,477,WI,Columbia,55021
754,31,WI,Menominee,55078
21450,638,WI,La Crosse,55063
3917,195,WI,Jackson,55053
6733,222,WI,Vernon,55123
4126,162,WI,Ashland,55003
3088,142,WI,Lafayette,55065
4050,137,WI,Bayfield,55007
4065,178,WI,Crawford,55023
30247,1630,VA,Norfolk City,51710
2241,211,WV,Pocahontas,54075
12407,799,WV,Monongalia,54061
6619,330,WV,Mineral,54057
7280,582,WV,Preston,54077
3086,198,WV,Hardy,54031
2729,187,VA,Mathews,51115
5307,342,WV,Hampshire,54027
3679,353,WV,Barbour,54001
1808,159,WV,Tucker,54093
2841,192,WV,Grant,54023
7082,631,WV,Randolph,54083
12912,978,WV,Marion,54049
2066,120,WV,Pendleton,54071
5483,487,WV,Upshur,54097
3147,243,WV,Taylor,54091
4113,167,WV,Morgan,54065
4166,400,WV,Wetzel,54103
5687,546,WV,Boone,54005
6564,616,WV,Marshall,54051
3517,173,VA,Northampton,51131
23096,1035,VA,Hampton City,51650
68186,3083,VA,Virginia Beach City,51810
13783,370,VA,James City,51095
16025,612,VA,Stafford,51179
1475,80,VA,Surry,51181
19824,689,VA,Hanover,51085
14603,321,VA,Alexandria City,51510
1583,125,VA,King And Queen,51097
3678,155,VA,Middlesex,51119
7122,502,WV,Jackson,54035
8094,658,WV,Hancock,54029
20773,1462,WV,Wood,54107
2945,145,VA,Emporia City,51595
1427,77,VA,Rappahannock,51157
2852,142,VA,Essex,51057
3976,98,VA,Northumberland,51133
7941,392,VA,Gloucester,51073
29203,1223,VA,Richmond City,51760
5078,181,VA,Powhatan,51145
2398,248,WV,Webster,54101
5557,502,WV,Mcdowell,54047
15030,1243,WV,Harrison,54033
2586,256,WV,Clay,54015
1550,119,WV,Pleasants,54073
11631,1169,WV,Fayette,54019
15705,1339,WV,Mercer,54055
5757,612,WV,Wyoming,54109
3062,255,WV,Braxton,54007
3540,238,WV,Roane,54087
4341,430,WV,Monroe,54063
1017,101,WV,Doddridge,54017
1502,125,WV,Wirt,54105
1858,177,WV,Tyler,54095
8364,906,WV,Greenbrier,54025
2166,51,VA,Falls Church City,51610
4847,160,VA,Goochland,51075
9755,385,VA,Orange,51137
3199,125,VA,King William,51101
7665,304,VA,Isle Of Wight,51093
11305,405,VA,Fauquier,51061
5910,154,VA,Fairfax City,51600
53522,1829,VA,Henrico,51087
2480,205,WV,Ritchie,54085
3053,261,WV,Summers,54089
17475,1869,WV,Raleigh,54081
6943,689,WV,Nicholas,54067
1387,137,WV,Gilmer,54021
4792,469,WV,Brooke,54009
1910,133,WV,Calhoun,54013
10662,850,WV,Ohio,54069
44059,3327,WV,Kanawha,54039
4253,397,WV,Lewis,54041
11016,848,WV,Putnam,54079
19368,1712,WV,Cabell,54011
8483,883,WV,Logan,54045
6303,641,WV,Mason,54053
5152,480,WV,Lincoln,54043
6817,756,WV,Mingo,54059
10093,945,WV,Wayne,54099
43734,1797,NY,Saratoga,36091
23671,1525,NY,Oswego,36075
36893,1435,NY,Ulster,36111
21973,1519,NY,Saint Lawrence,36089
8113,445,NY,Essex,36031
262739,7664,NY,Suffolk,36103
1492,108,NY,Hamilton,36041
55243,1702,NY,Dutchess,36027
3140,140,VA,Franklin City,51620
4962,158,VA,New Kent,51127
41025,1310,VA,Prince William,51153
1313,57,VA,Charles City,51036
3150,128,GA,Screven,13251
8274,388,GA,Camden,13039
7190,340,GA,Liberty,13179
5961,271,GA,Bryan,13029
47218,1773,GA,Chatham,13051
8124,427,GA,Effingham,13103
3029,109,VA,Manassas Park City,51685
19862,432,VA,Arlington,51013
26753,1216,VA,Newport News City,51700
2929,138,GA,Mcintosh,13191
17742,846,GA,Glynn,13127
4545,250,GA,Mcduffie,13189
2985,235,GA,Brantley,13025
23424,886,GA,Columbia,13073
2034,135,GA,Charlton,13049
458,17,GA,Taliaferro,13265
5575,300,GA,Toombs,13279
1925,86,GA,Lincoln,13181
1294,71,GA,Long,13183
1212,80,GA,Treutlen,13283
2042,94,GA,Candler,13043
3946,157,GA,Burke,13033
1454,127,GA,Atkinson,13003
1704,89,GA,Johnson,13167
4091,186,GA,Washington,13303
3746,154,GA,Jefferson,13163
9304,465,GA,Bulloch,13031
1032,48,GA,Wheeler,13309
2076,118,GA,Evans,13109
4127,302,GA,Pierce,13229
4534,233,GA,Emanuel,13107
32916,1444,GA,Richmond,13245
5594,422,GA,Wayne,13305
159,11,GA,Echols,13101
5063,239,GA,Elbert,13105
6937,657,GA,Coffee,13069
8078,592,GA,Ware,13299
3416,200,GA,Appling,13001
1395,124,GA,Clinch,13065
2661,176,GA,Jeff Davis,13161
5200,209,VA,Winchester City,51840
2232,117,VA,Sussex,51183
5298,278,VA,Hopewell City,51670
3384,117,VA,Clarke,51043
743,41,VA,Greensville,51081
3555,201,VA,Dinwiddie,51053
2749,144,VA,Amelia,51007
10713,317,VA,Williamsburg City,51830
4563,185,VA,Westmoreland,51193
3605,183,VA,Nottoway,51135
3724,155,VA,Fredericksburg City,51630
3529,145,VA,King George,51099
7048,296,VA,Louisa,51109
11593,576,VA,Petersburg City,51730
2803,143,VA,Southampton,51175
15495,766,VA,Suffolk City,51800
122998,2719,VA,Fairfax,51059
32801,923,VA,Loudoun,51107
8742,285,VA,York,51199
7295,383,VA,Waynesboro City,51820
7238,385,VA,Amherst,51009
1657,102,GA,Montgomery,13209
1243,50,GA,Warren,13301
1628,83,GA,Jenkins,13165
1867,172,GA,Bacon,13005
4092,213,GA,Tattnall,13267
2701,130,GA,Wilkes,13317
658,27,GA,Glascock,13125
5743,341,GA,Franklin,13119
3827,262,VA,Covington City,51580
1922,121,VA,Alleghany,51005
1109,73,VA,Craig,51045
2891,120,VA,Buckingham,51029
3484,135,VA,Greene,51079
3023,168,VA,Madison,51113
2232,147,VA,Lunenburg,51111
20309,1206,VA,Roanoke City,51770
3467,201,VA,Charlotte,51037
3217,295,GA,Cook,13075
19874,961,GA,Walton,13297
4818,219,GA,Hart,13147
12489,747,GA,Barrow,13013
9492,532,GA,Habersham,13137
2358,142,GA,Wilkinson,13319
3703,357,GA,Berrien,13019
2130,108,GA,Hancock,13141
7553,590,GA,Tift,13277
31461,1533,GA,Hall,13139
4187,312,GA,Crisp,13081
17263,702,GA,Clarke,13059
2533,146,GA,Bleckley,13023
2326,98,GA,Jasper,13159
4020,250,GA,Dodge,13091
6764,381,GA,Peach,13225
6975,373,GA,White,13311
1792,76,GA,Twiggs,13289
4141,173,GA,Morgan,13211
3283,178,GA,Jones,13169
3343,244,GA,Worth,13321
7164,530,GA,Stephens,13257
8158,646,GA,Colquitt,13071
9484,326,VA,Harrisonburg City,51660
3676,244,GA,Banks,13011
1705,109,GA,Wilcox,13315
4919,265,GA,Towns,13281
2065,131,GA,Dooly,13093
2125,125,GA,Pulaski,13235
18251,1007,GA,Lowndes,13185
2007,221,GA,Turner,13287
3827,242,GA,Ben Hill,13017
1229,106,GA,Lanier,13173
1814,103,GA,Oglethorpe,13221
1482,109,GA,Irwin,13155
5548,184,GA,Greene,13133
4876,309,GA,Rabun,13241
6291,234,GA,Oconee,13219
2774,158,GA,Brooks,13027
2141,132,GA,Telfair,13271
9772,563,GA,Laurens,13175
6295,335,GA,Madison,13195
5254,209,GA,Putnam,13237
17668,849,GA,Newton,13217
32468,1410,GA,Bibb,13021
1978,138,VA,Buena Vista City,51530
12920,639,VA,Franklin,51067
17521,872,VA,Bedford,51019
11038,801,VA,Pittsylvania,51143
1371,103,VA,Bath,51017
1387,68,VA,Cumberland,51049
20194,889,VA,Roanoke,51161
10775,590,VA,Augusta,51015
14603,1317,VA,Danville City,51590
9043,482,VA,Halifax,51083
10149,474,VA,Shenandoah,51171
15123,784,GA,Jackson,13157
22533,1237,GA,Houston,13153
4405,206,GA,Monroe,13207
8257,393,GA,Baldwin,13009
12996,768,NY,Otsego,36077
51093,2028,NY,Albany,36001
10989,628,NY,Greene,36039
13176,701,NY,Herkimer,36043
16518,813,NY,Warren,36113
19123,1034,NY,Jefferson,36045
17933,1059,NY,Clinton,36019
240660,6189,NY,Nassau,36059
12920,637,NY,Madison,36053
13824,767,NY,Washington,36115
3784,182,VA,Lexington City,51678
17368,516,VA,Albemarle,51003
7410,360,VA,Botetourt,51023
17493,1163,GA,Bartow,13015
1336,69,GA,Calhoun,13037
2259,137,GA,Early,13099
5872,365,GA,Sumter,13261
21886,1022,GA,Coweta,13077
1360,67,GA,Marion,13197
32592,1410,GA,Henry,13151
1575,64,GA,Talbot,13263
5615,242,GA,Dawson,13085
17379,931,GA,Dougherty,13095
19217,1113,GA,Douglas,13097
377,36,GA,Webster,13307
87228,3417,GA,Gwinnett,13135
3481,171,GA,Pike,13231
1076,70,GA,Stewart,13259
14120,611,GA,Rockdale,13247
133196,4501,GA,Fulton,13121
155932,3744,NY,Westchester,36119
5385,270,NY,Lewis,36049
8526,581,NY,Cortland,36023
11,0,HI,Kalawao,15005
27044,588,HI,Maui,15009
40039,890,HI,Hawaii,15001
157753,3733,HI,Honolulu,15003
4538,107,WI,Kewaunee,55061
18811,706,WI,Eau Claire,55035
5273,186,WI,Sawyer,55113
3758,146,WI,Taylor,55119
1842,83,WI,Iron,55051
8415,282,WI,Monroe,55081
13023,555,WI,Chippewa,55017
3728,128,WI,Richland,55103
19601,705,WI,Wood,55141
4494,205,WI,Iowa,55049
4137,156,WI,Price,55099
9070,506,VA,Staunton City,51790
5716,304,VA,Page,51139
3070,179,VA,Rockbridge,51163
5046,202,VA,Nelson,51125
6831,482,GA,Murray,13213
1660,111,GA,Taylor,13269
1261,74,GA,Miller,13201
93338,3650,GA,Cobb,13067
470,21,GA,Baker,13007
10616,611,GA,Thomas,13275
40569,1795,GA,Cherokee,13057
5344,302,GA,Decatur,13087
4172,262,GA,Mitchell,13205
4565,246,GA,Grady,13131
13690,692,GA,Spalding,13255
8530,526,VA,Martinsville City,51690
3636,191,VA,Appomattox,51011
5215,167,VA,Fluvanna,51065
4902,229,VA,Prince Edward,51147
8529,448,VA,Campbell,51031
18547,821,VA,Lynchburg City,51680
4390,457,VA,Galax City,51640
1676,158,VA,Bland,51021
11506,1206,VA,Tazewell,51185
7609,964,VA,Russell,51167
6819,808,VA,Buchanan,51027
6510,652,VA,Scott,51169
14153,1341,VA,Washington,51191
4310,545,VA,Dickenson,51051
4131,479,VA,Bristol City,51520
1588,188,VA,Norton City,51720
10350,1109,VA,Wise,51195
5752,652,VA,Lee,51105
9989,455,WV,Jefferson,54037
19707,1037,WV,Berkeley,54003
3614,187,GA,Lamar,13171
2102,132,GA,Terrell,13273
28033,1218,GA,Clayton,13063
2189,110,GA,Macon,13193
93745,3086,GA,Dekalb,13089
8599,491,GA,Pickens,13227
5909,299,GA,Upson,13293
1212,62,GA,Crawford,13079
8259,496,GA,Union,13291
4465,271,GA,Meriwether,13199
551,31,GA,Chattahoochee,13053
21928,852,GA,Fayette,13113
758,56,GA,Schley,13249
1536,79,GA,Randolph,13243
1762,115,GA,Heard,13149
16427,1228,GA,Walker,13295
2126,125,GA,Seminole,13253
5823,446,GA,Chattooga,13055
16642,985,GA,Whitfield,13313
3315,221,GA,Dade,13083
26457,768,NJ,Sussex,34037
87516,3344,NJ,Camden,34007
78444,2044,NJ,Union,34039
25917,1073,NJ,Cape May,34009
79312,2852,NJ,Burlington,34005
118204,3383,NJ,Middlesex,34023
71272,2219,NJ,Hudson,34017
115926,3472,NJ,Monmouth,34025
45884,1278,NJ,Somerset,34035
143134,5275,NJ,Ocean,34029
47536,2092,NJ,Gloucester,34015
26644,1471,NJ,Cumberland,34011
78628,2017,NJ,Morris,34027
103819,2725,NJ,Essex,34013
150218,3672,NJ,Bergen,34003
21201,834,NJ,Warren,34041
74382,1929,NJ,Passaic,34031
13337,608,NJ,Salem,34033
23443,675,NJ,Hunterdon,34019
80495,2012,NY,Richmond,36085
17139,439,NY,Putnam,36079
12433,696,NY,Montgomery,36057
15726,941,NY,Sullivan,36105
48708,2517,NY,Oneida,36065
10513,546,NY,Tioga,36107
6571,413,NY,Schoharie,36095
41951,2018,NY,Broome,36007
29077,1372,NY,Rensselaer,36083
324348,7286,NY,Queens,36081
337114,9083,NY,Kings,36047
253007,5805,NY,New York,36061
14159,576,NY,Columbia,36021
10922,834,NY,Franklin,36033
87836,3960,NY,Onondaga,36067
11677,756,NY,Chenango,36017
11650,776,NY,Fulton,36035
51568,1516,NY,Rockland,36087
10147,682,NY,Delaware,36025
59095,2084,NY,Orange,36071
32465,1527,NY,Schenectady,36093
189897,4592,NY,Bronx,36005
20375,1338,NY,Steuben,36101
9416,652,NY,Allegany,36003
4330,285,NY,Schuyler,36097
15154,751,NY,Tompkins,36109
15340,951,NY,Cayuga,36011
23183,870,NY,Ontario,36069
5661,247,NY,Yates,36123
145512,4864,NY,Monroe,36055
6520,363,NY,Seneca,36099
12045,550,NY,Genesee,36037
20785,983,NY,Wayne,36117
18234,1125,NY,Chemung,36015
12937,687,NY,Livingston,36051
179103,7725,NY,Erie,36029
8120,407,NY,Orleans,36073
13529,254,HI,Kauai,15007
5283,489,NV,Churchill,32001
2717,256,NV,Humboldt,32013
322704,17632,NV,Clark,32003
1196,112,NV,Mineral,32021
15225,1201,NV,Nye,32023
14082,1164,NV,Douglas,32005
9234,359,WI,Door,55029
19381,696,WI,Walworth,55127
26071,1096,WI,Kenosha,55059
145106,5639,WI,Milwaukee,55079
19109,583,WI,Ozaukee,55089
23454,572,WI,Sheboygan,55117
26334,791,WI,Washington,55131
19781,693,WI,Fond Du Lac,55039
8002,227,WI,Oconto,55083
34242,981,WI,Outagamie,55087
1242,66,WI,Florence,55037
40220,1715,WI,Racine,55101
17617,668,WI,Dodge,55027
5250,156,WI,Calumet,55015
46111,1199,WI,Brown,55009
30808,943,WI,Winnebago,55139
12175,523,WI,Marinette,55075
81843,2350,WI,Waukesha,55133
18720,475,WI,Manitowoc,55071
12718,514,WI,Sauk,55111
4960,194,WI,Green Lake,55047
11613,413,WI,Oneida,55085
5846,238,WI,Waushara,55137
14062,525,WI,Waupaca,55135
7572,242,WI,Vilas,55125
12921,402,WI,Portage,55097
5483,205,WI,Langlade,55067
31105,1386,WI,Rock,55105
2228,96,WI,Forest,55041
7701,231,WI,Green,55045
3817,182,WI,Adams,55001
24877,826,WI,Marathon,55073
8588,310,WI,Shawano,55115
78773,2561,WI,Dane,55025
14711,579,WI,Jefferson,55055
11062,488,WI,Grant,55043
6666,335,WI,Clark,55019
6260,264,WI,Juneau,55057
3587,168,WI,Rusk,55107
8164,305,WI,Pierce,55093
8815,359,WI,Dunn,55033
5689,197,WI,Washburn,55129
6652,208,WI,Trempealeau,55121
10360,444,WI,Polk,55095
11146,478,WI,Barron,55005
4613,181,WI,Burnett,55013
9860,401,WI,Douglas,55031
1999,88,WI,Pepin,55091
13114,432,WI,Saint Croix,55109
3279,118,WI,Buffalo,55011
408,52,UT,Rich,49033
13095,1338,UT,Cache,49005
2948,460,UT,Duchesne,49013
36080,3317,UT,Davis,49011
1467,149,UT,Morgan,49029
33117,3624,UT,Weber,49057
1788,204,UT,Kane,49025
123196,11060,UT,Salt Lake,49035
3927,599,UT,Sevier,49041
1102,236,UT,Garfield,49017
404,91,UT,Piute,49031
5678,519,UT,Summit,49043
1932,343,UT,Emery,49015
222,32,UT,Daggett,49009
3967,616,UT,Uintah,49047
51022,4547,UT,Utah,49049
606,112,UT,Wayne,49055
4195,712,UT,Carbon,49007
4466,878,UT,Sanpete,49039
1888,200,UT,San Juan,49037
3695,346,UT,Wasatch,49051
1881,124,UT,Grand,49019
7819,762,UT,Box Elder,49003
2253,280,UT,Millard,49027
36773,2327,UT,Washington,49053
1130,176,UT,Beaver,49001
1535,258,UT,Juab,49023
7730,1001,UT,Iron,49021
6999,945,UT,Tooele,49045
95813,3392,MA,Suffolk,25025
1808,33,MA,Nantucket,25019
71514,1529,MA,Barnstable,25001
141661,5346,MA,Worcester,25027
1790,144,WY,Washakie,56043
5868,840,WY,Sweetwater,56037
2639,373,WY,Carbon,56007
13355,1799,WY,Natrona,56025
4739,714,WY,Albany,56001
7324,591,WY,Park,56029
2080,133,WY,Johnson,56019
6805,416,WY,Sheridan,56033
3357,244,WY,Teton,56039
1513,254,WY,Sublette,56035
4574,111,MA,Dukes,25007
111319,3993,MA,Bristol,25005
241097,6478,MA,Middlesex,25017
143861,4206,MA,Essex,25009
115648,3070,MA,Norfolk,25021
100726,3006,MA,Plymouth,25023
31081,912,MA,Hampshire,25015
93821,4101,MA,Hampden,25013
32230,1061,MA,Berkshire,25003
16976,547,MA,Franklin,25011
27516,634,RI,Washington,44009
105848,2887,RI,Providence,44007
10108,208,RI,Bristol,44001
17738,410,RI,Newport,44005
34874,1065,RI,Kent,44003
14686,517,MD,Worcester,24047
17367,806,MD,Cecil,24015
7207,418,MD,Dorchester,24019
8343,271,MD,Queen Annes,24035
10429,363,MD,Talbot,24041
17729,767,MD,Wicomico,24045
4367,217,MD,Somerset,24039
42697,1656,MD,Harford,24025
6120,235,MD,Kent,24029
6289,327,MD,Caroline,24011
96094,3268,MD,Baltimore City,24510
137341,4743,MD,Baltimore,24005
29326,1072,MD,Carroll,24013
14464,504,MD,Calvert,24009
80573,2536,MD,Anne Arundel,24003
38267,1199,MD,Frederick,24021
109206,2846,MD,Prince Georges,24033
39971,1131,MD,Howard,24027
136995,2849,MD,Montgomery,24031
15409,711,MD,Saint Marys,24037
20217,753,MD,Charles,24017
28483,1095,MD,Washington,24043
16408,802,MD,Allegany,24001
6390,399,MD,Garrett,24023
2418,334,WY,Converse,56009
1515,138,WY,Crook,56011
5286,610,WY,Campbell,56005
17660,2437,WY,Laramie,56021
2290,357,WY,Platte,56031
1526,175,WY,Weston,56045
571,82,WY,Niobrara,56027
2953,436,WY,Goshen,56015
3598,361,WY,Lincoln,56023
7956,849,WY,Fremont,56013
3233,509,WY,Uinta,56041
2550,280,WY,Big Horn,56003
1375,147,WY,Hot Springs,56017
